<?xml version="1.0" encoding="UTF-8"?><gpx creator="Wikiloc - https://www.wikiloc.com" version="1.1" xmlns="http://www.topografix.com/GPX/1/1" xmlns:xsi="http://www.w3.org/2001/XMLSchema-instance" xsi:schemaLocation="http://www.topografix.com/GPX/1/1 http://www.topografix.com/GPX/1/1/gpx.xsd"><metadata><name>Wikiloc - Τυμφη Δρακολιμνη-Αστρακα-Μικρο Παπιγκο (Tymfi Drakolimni-Astraka-Mikro Papigko)</name><author><name>Johny Walker</name><link href="https://www.wikiloc.com/wikiloc/user.do?id=2342927"><text>Johny Walker on Wikiloc</text></link></author><link href="https://www.wikiloc.com/hiking-trails/tumphe-drakolimne-astraka-mikro-papigko-tymfi-drakolimni-astraka-mikro-papigko-20337331"><text>Τυμφη Δρακολιμνη-Αστρακα-Μικρο Παπιγκο (Tymfi Drakolimni-Astraka-Mikro Papigko) on Wikiloc</text></link><time>2017-10-15T16:51:46Z</time></metadata><trk><name>Τυμφη Δρακολιμνη-Αστρακα-Μικρο Παπιγκο (Tymfi Drakolimni-Ast...</name><cmt></cmt><desc></desc><trkseg><trkpt lat="39.993851" lon="20.786075"><ele>1994.033</ele><time>2017-10-15T16:23:59Z</time></trkpt><trkpt lat="39.993800" lon="20.786169"><ele>1994.023</ele><time>2017-10-15T16:24:02Z</time></trkpt><trkpt lat="39.993820" lon="20.786116"><ele>1994.015</ele><time>2017-10-15T16:25:31Z</time></trkpt><trkpt lat="39.993793" lon="20.786067"><ele>1994.008</ele><time>2017-10-15T16:25:35Z</time></trkpt><trkpt lat="39.993757" lon="20.786014"><ele>1994.055</ele><time>2017-10-15T16:25:39Z</time></trkpt><trkpt lat="39.993735" lon="20.785961"><ele>1994.053</ele><time>2017-10-15T16:25:43Z</time></trkpt><trkpt lat="39.993701" lon="20.785915"><ele>1994.026</ele><time>2017-10-15T16:25:47Z</time></trkpt><trkpt lat="39.993660" lon="20.785873"><ele>1994.036</ele><time>2017-10-15T16:25:51Z</time></trkpt><trkpt lat="39.993621" lon="20.785837"><ele>1994.030</ele><time>2017-10-15T16:25:55Z</time></trkpt><trkpt lat="39.993583" lon="20.785800"><ele>1994.096</ele><time>2017-10-15T16:25:59Z</time></trkpt><trkpt lat="39.993539" lon="20.785768"><ele>1994.016</ele><time>2017-10-15T16:26:22Z</time></trkpt><trkpt lat="39.993493" lon="20.785724"><ele>1994.084</ele><time>2017-10-15T16:26:26Z</time></trkpt><trkpt lat="39.993436" lon="20.785700"><ele>1994.088</ele><time>2017-10-15T16:26:32Z</time></trkpt><trkpt lat="39.993380" lon="20.785686"><ele>1994.024</ele><time>2017-10-15T16:26:37Z</time></trkpt><trkpt lat="39.993327" lon="20.785664"><ele>1994.026</ele><time>2017-10-15T16:26:41Z</time></trkpt><trkpt lat="39.993275" lon="20.785635"><ele>1993.708</ele><time>2017-10-15T16:26:45Z</time></trkpt><trkpt lat="39.993226" lon="20.785607"><ele>1994.160</ele><time>2017-10-15T16:26:49Z</time></trkpt><trkpt lat="39.993177" lon="20.785605"><ele>1992.328</ele><time>2017-10-15T16:26:53Z</time></trkpt><trkpt lat="39.993134" lon="20.785564"><ele>1993.481</ele><time>2017-10-15T16:26:57Z</time></trkpt><trkpt lat="39.993094" lon="20.785536"><ele>1991.841</ele><time>2017-10-15T16:27:01Z</time></trkpt><trkpt lat="39.993048" lon="20.785515"><ele>1991.245</ele><time>2017-10-15T16:27:06Z</time></trkpt><trkpt lat="39.993003" lon="20.785489"><ele>1991.341</ele><time>2017-10-15T16:27:11Z</time></trkpt><trkpt lat="39.992961" lon="20.785465"><ele>1991.281</ele><time>2017-10-15T16:27:15Z</time></trkpt><trkpt lat="39.992913" lon="20.785427"><ele>1988.419</ele><time>2017-10-15T16:27:19Z</time></trkpt><trkpt lat="39.992871" lon="20.785390"><ele>1988.941</ele><time>2017-10-15T16:27:23Z</time></trkpt><trkpt lat="39.992820" lon="20.785362"><ele>1988.681</ele><time>2017-10-15T16:27:27Z</time></trkpt><trkpt lat="39.992770" lon="20.785348"><ele>1990.109</ele><time>2017-10-15T16:27:31Z</time></trkpt><trkpt lat="39.992726" lon="20.785337"><ele>1987.808</ele><time>2017-10-15T16:27:34Z</time></trkpt><trkpt lat="39.992679" lon="20.785316"><ele>1986.346</ele><time>2017-10-15T16:27:38Z</time></trkpt><trkpt lat="39.992628" lon="20.785282"><ele>1985.784</ele><time>2017-10-15T16:28:04Z</time></trkpt><trkpt lat="39.992586" lon="20.785249"><ele>1984.217</ele><time>2017-10-15T16:28:09Z</time></trkpt><trkpt lat="39.992541" lon="20.785215"><ele>1985.497</ele><time>2017-10-15T16:28:13Z</time></trkpt><trkpt lat="39.992499" lon="20.785166"><ele>1981.581</ele><time>2017-10-15T16:28:17Z</time></trkpt><trkpt lat="39.992452" lon="20.785130"><ele>1983.627</ele><time>2017-10-15T16:28:21Z</time></trkpt><trkpt lat="39.992408" lon="20.785094"><ele>1981.597</ele><time>2017-10-15T16:28:25Z</time></trkpt><trkpt lat="39.992365" lon="20.785041"><ele>1980.365</ele><time>2017-10-15T16:28:31Z</time></trkpt><trkpt lat="39.992314" lon="20.785014"><ele>1978.044</ele><time>2017-10-15T16:28:35Z</time></trkpt><trkpt lat="39.992267" lon="20.785002"><ele>1978.605</ele><time>2017-10-15T16:28:39Z</time></trkpt><trkpt lat="39.992221" lon="20.784975"><ele>1977.115</ele><time>2017-10-15T16:28:43Z</time></trkpt><trkpt lat="39.992167" lon="20.784959"><ele>1974.808</ele><time>2017-10-15T16:28:47Z</time></trkpt><trkpt lat="39.992118" lon="20.784931"><ele>1974.646</ele><time>2017-10-15T16:28:51Z</time></trkpt><trkpt lat="39.992074" lon="20.784906"><ele>1974.644</ele><time>2017-10-15T16:28:55Z</time></trkpt><trkpt lat="39.992028" lon="20.784873"><ele>1974.537</ele><time>2017-10-15T16:28:59Z</time></trkpt><trkpt lat="39.991977" lon="20.784846"><ele>1972.457</ele><time>2017-10-15T16:29:03Z</time></trkpt><trkpt lat="39.991929" lon="20.784819"><ele>1971.511</ele><time>2017-10-15T16:29:07Z</time></trkpt><trkpt lat="39.991881" lon="20.784816"><ele>1971.187</ele><time>2017-10-15T16:29:11Z</time></trkpt><trkpt lat="39.991832" lon="20.784808"><ele>1968.957</ele><time>2017-10-15T16:29:15Z</time></trkpt><trkpt lat="39.991776" lon="20.784799"><ele>1970.695</ele><time>2017-10-15T16:29:19Z</time></trkpt><trkpt lat="39.991721" lon="20.784797"><ele>1969.246</ele><time>2017-10-15T16:29:24Z</time></trkpt><trkpt lat="39.991669" lon="20.784803"><ele>1967.788</ele><time>2017-10-15T16:29:28Z</time></trkpt><trkpt lat="39.991622" lon="20.784785"><ele>1967.416</ele><time>2017-10-15T16:29:32Z</time></trkpt><trkpt lat="39.991605" lon="20.784729"><ele>1966.908</ele><time>2017-10-15T16:29:36Z</time></trkpt><trkpt lat="39.991562" lon="20.784673"><ele>1968.276</ele><time>2017-10-15T16:29:40Z</time></trkpt><trkpt lat="39.991546" lon="20.784611"><ele>1966.284</ele><time>2017-10-15T16:29:44Z</time></trkpt><trkpt lat="39.991547" lon="20.784537"><ele>1967.217</ele><time>2017-10-15T16:29:48Z</time></trkpt><trkpt lat="39.991536" lon="20.784460"><ele>1965.597</ele><time>2017-10-15T16:29:52Z</time></trkpt><trkpt lat="39.991518" lon="20.784401"><ele>1965.641</ele><time>2017-10-15T16:29:56Z</time></trkpt><trkpt lat="39.991502" lon="20.784336"><ele>1965.827</ele><time>2017-10-15T16:30:00Z</time></trkpt><trkpt lat="39.991469" lon="20.784273"><ele>1964.267</ele><time>2017-10-15T16:30:04Z</time></trkpt><trkpt lat="39.991444" lon="20.784215"><ele>1964.065</ele><time>2017-10-15T16:30:08Z</time></trkpt><trkpt lat="39.991408" lon="20.784159"><ele>1964.237</ele><time>2017-10-15T16:30:12Z</time></trkpt><trkpt lat="39.991376" lon="20.784116"><ele>1962.849</ele><time>2017-10-15T16:30:16Z</time></trkpt><trkpt lat="39.991343" lon="20.784074"><ele>1962.213</ele><time>2017-10-15T16:30:20Z</time></trkpt><trkpt lat="39.991310" lon="20.784017"><ele>1961.908</ele><time>2017-10-15T16:30:25Z</time></trkpt><trkpt lat="39.991286" lon="20.783966"><ele>1960.525</ele><time>2017-10-15T16:30:29Z</time></trkpt><trkpt lat="39.991261" lon="20.783904"><ele>1958.323</ele><time>2017-10-15T16:30:33Z</time></trkpt><trkpt lat="39.991232" lon="20.783851"><ele>1958.636</ele><time>2017-10-15T16:30:37Z</time></trkpt><trkpt lat="39.991199" lon="20.783803"><ele>1959.186</ele><time>2017-10-15T16:30:41Z</time></trkpt><trkpt lat="39.991176" lon="20.783743"><ele>1957.770</ele><time>2017-10-15T16:30:46Z</time></trkpt><trkpt lat="39.991153" lon="20.783682"><ele>1954.156</ele><time>2017-10-15T16:30:51Z</time></trkpt><trkpt lat="39.991123" lon="20.783631"><ele>1953.016</ele><time>2017-10-15T16:30:55Z</time></trkpt><trkpt lat="39.991075" lon="20.783609"><ele>1953.094</ele><time>2017-10-15T16:31:00Z</time></trkpt><trkpt lat="39.991045" lon="20.783555"><ele>1952.157</ele><time>2017-10-15T16:31:07Z</time></trkpt><trkpt lat="39.991012" lon="20.783499"><ele>1952.100</ele><time>2017-10-15T16:31:14Z</time></trkpt><trkpt lat="39.990989" lon="20.783446"><ele>1951.020</ele><time>2017-10-15T16:31:18Z</time></trkpt><trkpt lat="39.990958" lon="20.783395"><ele>1949.008</ele><time>2017-10-15T16:31:22Z</time></trkpt><trkpt lat="39.990944" lon="20.783339"><ele>1948.277</ele><time>2017-10-15T16:31:26Z</time></trkpt><trkpt lat="39.990902" lon="20.783302"><ele>1947.775</ele><time>2017-10-15T16:31:32Z</time></trkpt><trkpt lat="39.990886" lon="20.783245"><ele>1945.318</ele><time>2017-10-15T16:31:38Z</time></trkpt><trkpt lat="39.990844" lon="20.783212"><ele>1944.568</ele><time>2017-10-15T16:31:43Z</time></trkpt><trkpt lat="39.990812" lon="20.783166"><ele>1941.962</ele><time>2017-10-15T16:31:48Z</time></trkpt><trkpt lat="39.990775" lon="20.783121"><ele>1941.518</ele><time>2017-10-15T16:31:54Z</time></trkpt><trkpt lat="39.990766" lon="20.783063"><ele>1940.148</ele><time>2017-10-15T16:32:00Z</time></trkpt><trkpt lat="39.990726" lon="20.783022"><ele>1938.346</ele><time>2017-10-15T16:32:05Z</time></trkpt><trkpt lat="39.990685" lon="20.782981"><ele>1939.189</ele><time>2017-10-15T16:32:10Z</time></trkpt><trkpt lat="39.990649" lon="20.782944"><ele>1937.406</ele><time>2017-10-15T16:32:15Z</time></trkpt><trkpt lat="39.990602" lon="20.782922"><ele>1935.126</ele><time>2017-10-15T16:32:20Z</time></trkpt><trkpt lat="39.990552" lon="20.782898"><ele>1937.608</ele><time>2017-10-15T16:32:25Z</time></trkpt><trkpt lat="39.990506" lon="20.782869"><ele>1934.440</ele><time>2017-10-15T16:32:30Z</time></trkpt><trkpt lat="39.990472" lon="20.782831"><ele>1932.628</ele><time>2017-10-15T16:32:35Z</time></trkpt><trkpt lat="39.990444" lon="20.782785"><ele>1931.221</ele><time>2017-10-15T16:32:41Z</time></trkpt><trkpt lat="39.990406" lon="20.782742"><ele>1930.781</ele><time>2017-10-15T16:32:52Z</time></trkpt><trkpt lat="39.990368" lon="20.782704"><ele>1927.925</ele><time>2017-10-15T16:32:58Z</time></trkpt><trkpt lat="39.990322" lon="20.782689"><ele>1927.211</ele><time>2017-10-15T16:33:04Z</time></trkpt><trkpt lat="39.990280" lon="20.782662"><ele>1925.941</ele><time>2017-10-15T16:33:09Z</time></trkpt><trkpt lat="39.990239" lon="20.782637"><ele>1923.869</ele><time>2017-10-15T16:33:14Z</time></trkpt><trkpt lat="39.990197" lon="20.782607"><ele>1922.821</ele><time>2017-10-15T16:33:19Z</time></trkpt><trkpt lat="39.990146" lon="20.782584"><ele>1921.841</ele><time>2017-10-15T16:33:24Z</time></trkpt><trkpt lat="39.990111" lon="20.782546"><ele>1922.605</ele><time>2017-10-15T16:33:28Z</time></trkpt><trkpt lat="39.990084" lon="20.782486"><ele>1921.108</ele><time>2017-10-15T16:33:33Z</time></trkpt><trkpt lat="39.990047" lon="20.782437"><ele>1920.944</ele><time>2017-10-15T16:33:38Z</time></trkpt><trkpt lat="39.990012" lon="20.782390"><ele>1918.792</ele><time>2017-10-15T16:33:44Z</time></trkpt><trkpt lat="39.989980" lon="20.782331"><ele>1916.025</ele><time>2017-10-15T16:33:50Z</time></trkpt><trkpt lat="39.989942" lon="20.782290"><ele>1917.185</ele><time>2017-10-15T16:33:56Z</time></trkpt><trkpt lat="39.989917" lon="20.782229"><ele>1912.079</ele><time>2017-10-15T16:34:02Z</time></trkpt><trkpt lat="39.989899" lon="20.782168"><ele>1913.835</ele><time>2017-10-15T16:34:08Z</time></trkpt><trkpt lat="39.989879" lon="20.782116"><ele>1910.845</ele><time>2017-10-15T16:34:13Z</time></trkpt><trkpt lat="39.989840" lon="20.782080"><ele>1912.583</ele><time>2017-10-15T16:34:18Z</time></trkpt><trkpt lat="39.989792" lon="20.782063"><ele>1908.518</ele><time>2017-10-15T16:34:22Z</time></trkpt><trkpt lat="39.989749" lon="20.782037"><ele>1908.598</ele><time>2017-10-15T16:34:26Z</time></trkpt><trkpt lat="39.989701" lon="20.782013"><ele>1905.317</ele><time>2017-10-15T16:34:31Z</time></trkpt><trkpt lat="39.989672" lon="20.781959"><ele>1905.308</ele><time>2017-10-15T16:34:37Z</time></trkpt><trkpt lat="39.989628" lon="20.781929"><ele>1903.153</ele><time>2017-10-15T16:34:42Z</time></trkpt><trkpt lat="39.989589" lon="20.781891"><ele>1899.931</ele><time>2017-10-15T16:34:46Z</time></trkpt><trkpt lat="39.989541" lon="20.781855"><ele>1900.424</ele><time>2017-10-15T16:34:51Z</time></trkpt><trkpt lat="39.989501" lon="20.781815"><ele>1899.444</ele><time>2017-10-15T16:34:55Z</time></trkpt><trkpt lat="39.989463" lon="20.781777"><ele>1899.378</ele><time>2017-10-15T16:35:00Z</time></trkpt><trkpt lat="39.989420" lon="20.781738"><ele>1896.744</ele><time>2017-10-15T16:35:05Z</time></trkpt><trkpt lat="39.989380" lon="20.781708"><ele>1896.974</ele><time>2017-10-15T16:35:09Z</time></trkpt><trkpt lat="39.989337" lon="20.781664"><ele>1896.672</ele><time>2017-10-15T16:35:14Z</time></trkpt><trkpt lat="39.989297" lon="20.781629"><ele>1896.482</ele><time>2017-10-15T16:35:19Z</time></trkpt><trkpt lat="39.989258" lon="20.781593"><ele>1893.143</ele><time>2017-10-15T16:35:23Z</time></trkpt><trkpt lat="39.989213" lon="20.781562"><ele>1890.517</ele><time>2017-10-15T16:35:27Z</time></trkpt><trkpt lat="39.989165" lon="20.781542"><ele>1892.208</ele><time>2017-10-15T16:35:31Z</time></trkpt><trkpt lat="39.989118" lon="20.781516"><ele>1890.150</ele><time>2017-10-15T16:35:35Z</time></trkpt><trkpt lat="39.989070" lon="20.781489"><ele>1889.178</ele><time>2017-10-15T16:35:40Z</time></trkpt><trkpt lat="39.989022" lon="20.781462"><ele>1887.641</ele><time>2017-10-15T16:35:45Z</time></trkpt><trkpt lat="39.988976" lon="20.781440"><ele>1883.781</ele><time>2017-10-15T16:35:49Z</time></trkpt><trkpt lat="39.988932" lon="20.781414"><ele>1885.265</ele><time>2017-10-15T16:35:53Z</time></trkpt><trkpt lat="39.988891" lon="20.781372"><ele>1885.131</ele><time>2017-10-15T16:35:57Z</time></trkpt><trkpt lat="39.988847" lon="20.781349"><ele>1884.141</ele><time>2017-10-15T16:36:01Z</time></trkpt><trkpt lat="39.988804" lon="20.781307"><ele>1884.219</ele><time>2017-10-15T16:36:06Z</time></trkpt><trkpt lat="39.988760" lon="20.781261"><ele>1882.049</ele><time>2017-10-15T16:36:11Z</time></trkpt><trkpt lat="39.988721" lon="20.781222"><ele>1881.902</ele><time>2017-10-15T16:36:15Z</time></trkpt><trkpt lat="39.988688" lon="20.781165"><ele>1880.322</ele><time>2017-10-15T16:36:20Z</time></trkpt><trkpt lat="39.988644" lon="20.781126"><ele>1879.408</ele><time>2017-10-15T16:36:24Z</time></trkpt><trkpt lat="39.988596" lon="20.781107"><ele>1879.056</ele><time>2017-10-15T16:36:28Z</time></trkpt><trkpt lat="39.988557" lon="20.781077"><ele>1878.054</ele><time>2017-10-15T16:36:32Z</time></trkpt><trkpt lat="39.988512" lon="20.781051"><ele>1876.567</ele><time>2017-10-15T16:36:36Z</time></trkpt><trkpt lat="39.988473" lon="20.781017"><ele>1876.897</ele><time>2017-10-15T16:36:39Z</time></trkpt><trkpt lat="39.988443" lon="20.780967"><ele>1875.511</ele><time>2017-10-15T16:36:43Z</time></trkpt><trkpt lat="39.988405" lon="20.780912"><ele>1874.047</ele><time>2017-10-15T16:36:47Z</time></trkpt><trkpt lat="39.988376" lon="20.780866"><ele>1873.637</ele><time>2017-10-15T16:36:51Z</time></trkpt><trkpt lat="39.988323" lon="20.780838"><ele>1873.725</ele><time>2017-10-15T16:36:56Z</time></trkpt><trkpt lat="39.988283" lon="20.780810"><ele>1870.687</ele><time>2017-10-15T16:37:00Z</time></trkpt><trkpt lat="39.988241" lon="20.780773"><ele>1870.442</ele><time>2017-10-15T16:37:05Z</time></trkpt><trkpt lat="39.988201" lon="20.780734"><ele>1869.026</ele><time>2017-10-15T16:37:09Z</time></trkpt><trkpt lat="39.988156" lon="20.780709"><ele>1868.208</ele><time>2017-10-15T16:37:14Z</time></trkpt><trkpt lat="39.988114" lon="20.780684"><ele>1866.470</ele><time>2017-10-15T16:37:19Z</time></trkpt><trkpt lat="39.988071" lon="20.780644"><ele>1866.118</ele><time>2017-10-15T16:37:24Z</time></trkpt><trkpt lat="39.988035" lon="20.780597"><ele>1861.621</ele><time>2017-10-15T16:37:30Z</time></trkpt><trkpt lat="39.987994" lon="20.780564"><ele>1862.831</ele><time>2017-10-15T16:37:34Z</time></trkpt><trkpt lat="39.987946" lon="20.780526"><ele>1859.925</ele><time>2017-10-15T16:37:39Z</time></trkpt><trkpt lat="39.987903" lon="20.780488"><ele>1859.831</ele><time>2017-10-15T16:37:44Z</time></trkpt><trkpt lat="39.987861" lon="20.780456"><ele>1858.521</ele><time>2017-10-15T16:37:53Z</time></trkpt><trkpt lat="39.987814" lon="20.780427"><ele>1855.939</ele><time>2017-10-15T16:37:59Z</time></trkpt><trkpt lat="39.987774" lon="20.780396"><ele>1852.125</ele><time>2017-10-15T16:38:04Z</time></trkpt><trkpt lat="39.987738" lon="20.780356"><ele>1854.326</ele><time>2017-10-15T16:38:10Z</time></trkpt><trkpt lat="39.987695" lon="20.780317"><ele>1851.908</ele><time>2017-10-15T16:38:15Z</time></trkpt><trkpt lat="39.987664" lon="20.780267"><ele>1849.208</ele><time>2017-10-15T16:38:21Z</time></trkpt><trkpt lat="39.987639" lon="20.780210"><ele>1849.074</ele><time>2017-10-15T16:38:27Z</time></trkpt><trkpt lat="39.987599" lon="20.780179"><ele>1846.612</ele><time>2017-10-15T16:38:32Z</time></trkpt><trkpt lat="39.987556" lon="20.780144"><ele>1845.865</ele><time>2017-10-15T16:38:38Z</time></trkpt><trkpt lat="39.987511" lon="20.780121"><ele>1846.875</ele><time>2017-10-15T16:38:42Z</time></trkpt><trkpt lat="39.987490" lon="20.780062"><ele>1842.429</ele><time>2017-10-15T16:38:48Z</time></trkpt><trkpt lat="39.987442" lon="20.780034"><ele>1839.255</ele><time>2017-10-15T16:38:54Z</time></trkpt><trkpt lat="39.987391" lon="20.780021"><ele>1839.015</ele><time>2017-10-15T16:38:59Z</time></trkpt><trkpt lat="39.987340" lon="20.780015"><ele>1839.373</ele><time>2017-10-15T16:39:05Z</time></trkpt><trkpt lat="39.987292" lon="20.779999"><ele>1837.585</ele><time>2017-10-15T16:39:12Z</time></trkpt><trkpt lat="39.987250" lon="20.779977"><ele>1833.189</ele><time>2017-10-15T16:39:18Z</time></trkpt><trkpt lat="39.987205" lon="20.779954"><ele>1833.617</ele><time>2017-10-15T16:39:24Z</time></trkpt><trkpt lat="39.987209" lon="20.779893"><ele>1831.808</ele><time>2017-10-15T16:39:31Z</time></trkpt><trkpt lat="39.987238" lon="20.779835"><ele>1831.810</ele><time>2017-10-15T16:39:37Z</time></trkpt><trkpt lat="39.987271" lon="20.779789"><ele>1830.158</ele><time>2017-10-15T16:39:42Z</time></trkpt><trkpt lat="39.987312" lon="20.779743"><ele>1826.141</ele><time>2017-10-15T16:39:48Z</time></trkpt><trkpt lat="39.987355" lon="20.779710"><ele>1826.891</ele><time>2017-10-15T16:39:53Z</time></trkpt><trkpt lat="39.987399" lon="20.779680"><ele>1825.375</ele><time>2017-10-15T16:39:59Z</time></trkpt><trkpt lat="39.987431" lon="20.779636"><ele>1825.961</ele><time>2017-10-15T16:40:05Z</time></trkpt><trkpt lat="39.987473" lon="20.779598"><ele>1824.381</ele><time>2017-10-15T16:40:10Z</time></trkpt><trkpt lat="39.987523" lon="20.779560"><ele>1821.299</ele><time>2017-10-15T16:40:15Z</time></trkpt><trkpt lat="39.987535" lon="20.779501"><ele>1821.023</ele><time>2017-10-15T16:40:20Z</time></trkpt><trkpt lat="39.987501" lon="20.779446"><ele>1817.883</ele><time>2017-10-15T16:40:25Z</time></trkpt><trkpt lat="39.987463" lon="20.779411"><ele>1817.311</ele><time>2017-10-15T16:40:29Z</time></trkpt><trkpt lat="39.987424" lon="20.779372"><ele>1816.908</ele><time>2017-10-15T16:40:33Z</time></trkpt><trkpt lat="39.987379" lon="20.779347"><ele>1813.444</ele><time>2017-10-15T16:40:38Z</time></trkpt><trkpt lat="39.987339" lon="20.779320"><ele>1814.422</ele><time>2017-10-15T16:40:43Z</time></trkpt><trkpt lat="39.987290" lon="20.779304"><ele>1816.685</ele><time>2017-10-15T16:40:48Z</time></trkpt><trkpt lat="39.987245" lon="20.779309"><ele>1813.845</ele><time>2017-10-15T16:40:52Z</time></trkpt><trkpt lat="39.987199" lon="20.779290"><ele>1809.389</ele><time>2017-10-15T16:40:56Z</time></trkpt><trkpt lat="39.987149" lon="20.779270"><ele>1808.535</ele><time>2017-10-15T16:41:01Z</time></trkpt><trkpt lat="39.987105" lon="20.779257"><ele>1805.565</ele><time>2017-10-15T16:41:05Z</time></trkpt><trkpt lat="39.987054" lon="20.779243"><ele>1805.633</ele><time>2017-10-15T16:41:10Z</time></trkpt><trkpt lat="39.987003" lon="20.779235"><ele>1803.962</ele><time>2017-10-15T16:41:16Z</time></trkpt><trkpt lat="39.986949" lon="20.779222"><ele>1803.083</ele><time>2017-10-15T16:41:21Z</time></trkpt><trkpt lat="39.986898" lon="20.779214"><ele>1801.811</ele><time>2017-10-15T16:41:26Z</time></trkpt><trkpt lat="39.986850" lon="20.779213"><ele>1800.308</ele><time>2017-10-15T16:41:30Z</time></trkpt><trkpt lat="39.986795" lon="20.779197"><ele>1800.148</ele><time>2017-10-15T16:41:35Z</time></trkpt><trkpt lat="39.986747" lon="20.779175"><ele>1798.046</ele><time>2017-10-15T16:41:41Z</time></trkpt><trkpt lat="39.986700" lon="20.779158"><ele>1794.619</ele><time>2017-10-15T16:41:46Z</time></trkpt><trkpt lat="39.986659" lon="20.779116"><ele>1795.119</ele><time>2017-10-15T16:41:52Z</time></trkpt><trkpt lat="39.986622" lon="20.779073"><ele>1793.663</ele><time>2017-10-15T16:41:57Z</time></trkpt><trkpt lat="39.986580" lon="20.779041"><ele>1792.269</ele><time>2017-10-15T16:42:02Z</time></trkpt><trkpt lat="39.986530" lon="20.779040"><ele>1788.149</ele><time>2017-10-15T16:42:08Z</time></trkpt><trkpt lat="39.986486" lon="20.779060"><ele>1786.487</ele><time>2017-10-15T16:42:12Z</time></trkpt><trkpt lat="39.986438" lon="20.779063"><ele>1787.658</ele><time>2017-10-15T16:42:17Z</time></trkpt><trkpt lat="39.986389" lon="20.779045"><ele>1786.152</ele><time>2017-10-15T16:42:23Z</time></trkpt><trkpt lat="39.986337" lon="20.779065"><ele>1782.017</ele><time>2017-10-15T16:42:28Z</time></trkpt><trkpt lat="39.986291" lon="20.779073"><ele>1780.608</ele><time>2017-10-15T16:42:32Z</time></trkpt><trkpt lat="39.986253" lon="20.779035"><ele>1779.547</ele><time>2017-10-15T16:42:38Z</time></trkpt><trkpt lat="39.986222" lon="20.778988"><ele>1777.915</ele><time>2017-10-15T16:42:44Z</time></trkpt><trkpt lat="39.986190" lon="20.778944"><ele>1776.928</ele><time>2017-10-15T16:42:49Z</time></trkpt><trkpt lat="39.986151" lon="20.778908"><ele>1773.728</ele><time>2017-10-15T16:42:53Z</time></trkpt><trkpt lat="39.986114" lon="20.778862"><ele>1774.012</ele><time>2017-10-15T16:42:57Z</time></trkpt><trkpt lat="39.986070" lon="20.778838"><ele>1772.148</ele><time>2017-10-15T16:43:01Z</time></trkpt><trkpt lat="39.986030" lon="20.778798"><ele>1770.878</ele><time>2017-10-15T16:43:06Z</time></trkpt><trkpt lat="39.986012" lon="20.778737"><ele>1769.686</ele><time>2017-10-15T16:43:11Z</time></trkpt><trkpt lat="39.985966" lon="20.778706"><ele>1769.494</ele><time>2017-10-15T16:43:15Z</time></trkpt><trkpt lat="39.985926" lon="20.778666"><ele>1767.157</ele><time>2017-10-15T16:43:19Z</time></trkpt><trkpt lat="39.985904" lon="20.778600"><ele>1767.122</ele><time>2017-10-15T16:43:24Z</time></trkpt><trkpt lat="39.985862" lon="20.778576"><ele>1766.608</ele><time>2017-10-15T16:43:27Z</time></trkpt><trkpt lat="39.985822" lon="20.778538"><ele>1766.931</ele><time>2017-10-15T16:43:31Z</time></trkpt><trkpt lat="39.985766" lon="20.778504"><ele>1765.689</ele><time>2017-10-15T16:43:35Z</time></trkpt><trkpt lat="39.985740" lon="20.778442"><ele>1765.022</ele><time>2017-10-15T16:43:40Z</time></trkpt><trkpt lat="39.985701" lon="20.778401"><ele>1763.262</ele><time>2017-10-15T16:43:44Z</time></trkpt><trkpt lat="39.985666" lon="20.778363"><ele>1763.596</ele><time>2017-10-15T16:43:48Z</time></trkpt><trkpt lat="39.985625" lon="20.778319"><ele>1760.832</ele><time>2017-10-15T16:43:52Z</time></trkpt><trkpt lat="39.985579" lon="20.778275"><ele>1761.662</ele><time>2017-10-15T16:43:56Z</time></trkpt><trkpt lat="39.985557" lon="20.778207"><ele>1760.020</ele><time>2017-10-15T16:44:00Z</time></trkpt><trkpt lat="39.985528" lon="20.778155"><ele>1760.963</ele><time>2017-10-15T16:44:04Z</time></trkpt><trkpt lat="39.985494" lon="20.778101"><ele>1759.844</ele><time>2017-10-15T16:44:08Z</time></trkpt><trkpt lat="39.985463" lon="20.778039"><ele>1761.418</ele><time>2017-10-15T16:44:12Z</time></trkpt><trkpt lat="39.985432" lon="20.777983"><ele>1759.508</ele><time>2017-10-15T16:44:16Z</time></trkpt><trkpt lat="39.985402" lon="20.777921"><ele>1758.468</ele><time>2017-10-15T16:44:20Z</time></trkpt><trkpt lat="39.985370" lon="20.777859"><ele>1758.886</ele><time>2017-10-15T16:44:24Z</time></trkpt><trkpt lat="39.985337" lon="20.777804"><ele>1756.789</ele><time>2017-10-15T16:44:28Z</time></trkpt><trkpt lat="39.985307" lon="20.777753"><ele>1758.149</ele><time>2017-10-15T16:44:31Z</time></trkpt><trkpt lat="39.985266" lon="20.777710"><ele>1754.513</ele><time>2017-10-15T16:44:35Z</time></trkpt><trkpt lat="39.985230" lon="20.777649"><ele>1757.529</ele><time>2017-10-15T16:44:39Z</time></trkpt><trkpt lat="39.985203" lon="20.777601"><ele>1756.349</ele><time>2017-10-15T16:44:42Z</time></trkpt><trkpt lat="39.985181" lon="20.777534"><ele>1756.457</ele><time>2017-10-15T16:44:46Z</time></trkpt><trkpt lat="39.985155" lon="20.777471"><ele>1756.856</ele><time>2017-10-15T16:44:49Z</time></trkpt><trkpt lat="39.985130" lon="20.777400"><ele>1752.359</ele><time>2017-10-15T16:44:53Z</time></trkpt><trkpt lat="39.985102" lon="20.777340"><ele>1754.914</ele><time>2017-10-15T16:44:57Z</time></trkpt><trkpt lat="39.985072" lon="20.777277"><ele>1753.408</ele><time>2017-10-15T16:45:01Z</time></trkpt><trkpt lat="39.985046" lon="20.777212"><ele>1753.927</ele><time>2017-10-15T16:45:05Z</time></trkpt><trkpt lat="39.985012" lon="20.777155"><ele>1753.375</ele><time>2017-10-15T16:45:09Z</time></trkpt><trkpt lat="39.984972" lon="20.777097"><ele>1754.258</ele><time>2017-10-15T16:45:13Z</time></trkpt><trkpt lat="39.984934" lon="20.777063"><ele>1752.248</ele><time>2017-10-15T16:45:16Z</time></trkpt><trkpt lat="39.984906" lon="20.777005"><ele>1754.552</ele><time>2017-10-15T16:45:20Z</time></trkpt><trkpt lat="39.984880" lon="20.776956"><ele>1752.898</ele><time>2017-10-15T16:45:23Z</time></trkpt><trkpt lat="39.984839" lon="20.776915"><ele>1754.088</ele><time>2017-10-15T16:45:26Z</time></trkpt><trkpt lat="39.984808" lon="20.776867"><ele>1751.456</ele><time>2017-10-15T16:45:30Z</time></trkpt><trkpt lat="39.984772" lon="20.776817"><ele>1753.914</ele><time>2017-10-15T16:45:34Z</time></trkpt><trkpt lat="39.984745" lon="20.776765"><ele>1752.754</ele><time>2017-10-15T16:45:38Z</time></trkpt><trkpt lat="39.984718" lon="20.776701"><ele>1752.409</ele><time>2017-10-15T16:45:42Z</time></trkpt><trkpt lat="39.984697" lon="20.776635"><ele>1752.508</ele><time>2017-10-15T16:45:46Z</time></trkpt><trkpt lat="39.984675" lon="20.776578"><ele>1752.313</ele><time>2017-10-15T16:45:51Z</time></trkpt><trkpt lat="39.984649" lon="20.776514"><ele>1752.441</ele><time>2017-10-15T16:45:55Z</time></trkpt><trkpt lat="39.984603" lon="20.776470"><ele>1756.564</ele><time>2017-10-15T16:46:00Z</time></trkpt><trkpt lat="39.984580" lon="20.776417"><ele>1753.884</ele><time>2017-10-15T16:46:04Z</time></trkpt><trkpt lat="39.984548" lon="20.776352"><ele>1754.358</ele><time>2017-10-15T16:46:09Z</time></trkpt><trkpt lat="39.984527" lon="20.776294"><ele>1754.214</ele><time>2017-10-15T16:46:14Z</time></trkpt><trkpt lat="39.984524" lon="20.776223"><ele>1759.114</ele><time>2017-10-15T16:46:22Z</time></trkpt><trkpt lat="39.984498" lon="20.776167"><ele>1758.642</ele><time>2017-10-15T16:46:30Z</time></trkpt><trkpt lat="39.984460" lon="20.776134"><ele>1762.678</ele><time>2017-10-15T16:46:40Z</time></trkpt><trkpt lat="39.984420" lon="20.776085"><ele>1764.133</ele><time>2017-10-15T16:46:47Z</time></trkpt><trkpt lat="39.984392" lon="20.776037"><ele>1766.826</ele><time>2017-10-15T16:46:55Z</time></trkpt><trkpt lat="39.984350" lon="20.775999"><ele>1765.808</ele><time>2017-10-15T16:47:00Z</time></trkpt><trkpt lat="39.984318" lon="20.775943"><ele>1767.769</ele><time>2017-10-15T16:47:06Z</time></trkpt><trkpt lat="39.984302" lon="20.775884"><ele>1769.057</ele><time>2017-10-15T16:47:14Z</time></trkpt><trkpt lat="39.984284" lon="20.775829"><ele>1770.430</ele><time>2017-10-15T16:47:21Z</time></trkpt><trkpt lat="39.984255" lon="20.775780"><ele>1771.150</ele><time>2017-10-15T16:47:29Z</time></trkpt><trkpt lat="39.984255" lon="20.775717"><ele>1773.324</ele><time>2017-10-15T16:47:38Z</time></trkpt><trkpt lat="39.984229" lon="20.775666"><ele>1774.380</ele><time>2017-10-15T16:47:44Z</time></trkpt><trkpt lat="39.984201" lon="20.775613"><ele>1775.550</ele><time>2017-10-15T16:47:52Z</time></trkpt><trkpt lat="39.984179" lon="20.775552"><ele>1777.548</ele><time>2017-10-15T16:48:00Z</time></trkpt><trkpt lat="39.984150" lon="20.775500"><ele>1778.147</ele><time>2017-10-15T16:48:10Z</time></trkpt><trkpt lat="39.984117" lon="20.775459"><ele>1778.629</ele><time>2017-10-15T16:48:15Z</time></trkpt><trkpt lat="39.984099" lon="20.775395"><ele>1779.821</ele><time>2017-10-15T16:48:22Z</time></trkpt><trkpt lat="39.984108" lon="20.775334"><ele>1781.308</ele><time>2017-10-15T16:48:30Z</time></trkpt><trkpt lat="39.984111" lon="20.775270"><ele>1782.396</ele><time>2017-10-15T16:48:39Z</time></trkpt><trkpt lat="39.984102" lon="20.775208"><ele>1784.044</ele><time>2017-10-15T16:48:46Z</time></trkpt><trkpt lat="39.984075" lon="20.775160"><ele>1784.197</ele><time>2017-10-15T16:48:51Z</time></trkpt><trkpt lat="39.984034" lon="20.775135"><ele>1785.067</ele><time>2017-10-15T16:48:56Z</time></trkpt><trkpt lat="39.983990" lon="20.775094"><ele>1786.331</ele><time>2017-10-15T16:49:02Z</time></trkpt><trkpt lat="39.983944" lon="20.775063"><ele>1786.467</ele><time>2017-10-15T16:49:06Z</time></trkpt><trkpt lat="39.983899" lon="20.775046"><ele>1786.787</ele><time>2017-10-15T16:49:11Z</time></trkpt><trkpt lat="39.983850" lon="20.775030"><ele>1786.845</ele><time>2017-10-15T16:49:16Z</time></trkpt><trkpt lat="39.983800" lon="20.775012"><ele>1791.642</ele><time>2017-10-15T16:49:20Z</time></trkpt><trkpt lat="39.983755" lon="20.774975"><ele>1788.222</ele><time>2017-10-15T16:49:25Z</time></trkpt><trkpt lat="39.983711" lon="20.774937"><ele>1787.814</ele><time>2017-10-15T16:49:30Z</time></trkpt><trkpt lat="39.983681" lon="20.774876"><ele>1789.208</ele><time>2017-10-15T16:49:36Z</time></trkpt><trkpt lat="39.983651" lon="20.774824"><ele>1791.146</ele><time>2017-10-15T16:49:41Z</time></trkpt><trkpt lat="39.983614" lon="20.774769"><ele>1791.134</ele><time>2017-10-15T16:49:46Z</time></trkpt><trkpt lat="39.983593" lon="20.774715"><ele>1790.637</ele><time>2017-10-15T16:49:50Z</time></trkpt><trkpt lat="39.983578" lon="20.774654"><ele>1791.157</ele><time>2017-10-15T16:49:55Z</time></trkpt><trkpt lat="39.983556" lon="20.774603"><ele>1790.441</ele><time>2017-10-15T16:49:58Z</time></trkpt><trkpt lat="39.983527" lon="20.774544"><ele>1790.997</ele><time>2017-10-15T16:50:02Z</time></trkpt><trkpt lat="39.983497" lon="20.774482"><ele>1790.237</ele><time>2017-10-15T16:50:06Z</time></trkpt><trkpt lat="39.983482" lon="20.774425"><ele>1790.985</ele><time>2017-10-15T16:50:10Z</time></trkpt><trkpt lat="39.983457" lon="20.774370"><ele>1790.868</ele><time>2017-10-15T16:50:13Z</time></trkpt><trkpt lat="39.983432" lon="20.774315"><ele>1789.742</ele><time>2017-10-15T16:50:17Z</time></trkpt><trkpt lat="39.983405" lon="20.774250"><ele>1792.026</ele><time>2017-10-15T16:50:21Z</time></trkpt><trkpt lat="39.983381" lon="20.774187"><ele>1791.208</ele><time>2017-10-15T16:50:25Z</time></trkpt><trkpt lat="39.983361" lon="20.774125"><ele>1790.718</ele><time>2017-10-15T16:50:30Z</time></trkpt><trkpt lat="39.983337" lon="20.774065"><ele>1790.766</ele><time>2017-10-15T16:50:34Z</time></trkpt><trkpt lat="39.983316" lon="20.774013"><ele>1792.139</ele><time>2017-10-15T16:50:39Z</time></trkpt><trkpt lat="39.983288" lon="20.773965"><ele>1793.339</ele><time>2017-10-15T16:50:44Z</time></trkpt><trkpt lat="39.983265" lon="20.773907"><ele>1795.543</ele><time>2017-10-15T16:50:52Z</time></trkpt><trkpt lat="39.983272" lon="20.773845"><ele>1795.299</ele><time>2017-10-15T16:51:00Z</time></trkpt><trkpt lat="39.983287" lon="20.773785"><ele>1792.739</ele><time>2017-10-15T16:51:07Z</time></trkpt><trkpt lat="39.983286" lon="20.773726"><ele>1792.157</ele><time>2017-10-15T16:51:13Z</time></trkpt><trkpt lat="39.983290" lon="20.773666"><ele>1790.833</ele><time>2017-10-15T16:52:11Z</time></trkpt><trkpt lat="39.983312" lon="20.773608"><ele>1789.623</ele><time>2017-10-15T16:52:17Z</time></trkpt><trkpt lat="39.983327" lon="20.773547"><ele>1787.515</ele><time>2017-10-15T16:52:23Z</time></trkpt><trkpt lat="39.983314" lon="20.773489"><ele>1788.008</ele><time>2017-10-15T16:52:29Z</time></trkpt><trkpt lat="39.983285" lon="20.773438"><ele>1788.295</ele><time>2017-10-15T16:52:34Z</time></trkpt><trkpt lat="39.983280" lon="20.773371"><ele>1786.593</ele><time>2017-10-15T16:52:41Z</time></trkpt><trkpt lat="39.983287" lon="20.773307"><ele>1785.746</ele><time>2017-10-15T16:52:46Z</time></trkpt><trkpt lat="39.983303" lon="20.773249"><ele>1787.046</ele><time>2017-10-15T16:52:53Z</time></trkpt><trkpt lat="39.983335" lon="20.773202"><ele>1784.580</ele><time>2017-10-15T16:52:59Z</time></trkpt><trkpt lat="39.983366" lon="20.773154"><ele>1783.646</ele><time>2017-10-15T16:53:07Z</time></trkpt><trkpt lat="39.983405" lon="20.773100"><ele>1781.366</ele><time>2017-10-15T16:53:13Z</time></trkpt><trkpt lat="39.983436" lon="20.773051"><ele>1781.314</ele><time>2017-10-15T16:53:17Z</time></trkpt><trkpt lat="39.983464" lon="20.772999"><ele>1780.916</ele><time>2017-10-15T16:53:22Z</time></trkpt><trkpt lat="39.983463" lon="20.772939"><ele>1781.076</ele><time>2017-10-15T16:53:27Z</time></trkpt><trkpt lat="39.983434" lon="20.772890"><ele>1780.413</ele><time>2017-10-15T16:53:31Z</time></trkpt><trkpt lat="39.983420" lon="20.772834"><ele>1779.908</ele><time>2017-10-15T16:53:36Z</time></trkpt><trkpt lat="39.983370" lon="20.772855"><ele>1780.393</ele><time>2017-10-15T16:53:49Z</time></trkpt><trkpt lat="39.983391" lon="20.772796"><ele>1778.941</ele><time>2017-10-15T16:53:54Z</time></trkpt><trkpt lat="39.983397" lon="20.772730"><ele>1777.724</ele><time>2017-10-15T16:53:59Z</time></trkpt><trkpt lat="39.983411" lon="20.772668"><ele>1778.824</ele><time>2017-10-15T16:54:04Z</time></trkpt><trkpt lat="39.983426" lon="20.772595"><ele>1777.988</ele><time>2017-10-15T16:54:09Z</time></trkpt><trkpt lat="39.983439" lon="20.772526"><ele>1777.334</ele><time>2017-10-15T16:54:14Z</time></trkpt><trkpt lat="39.983440" lon="20.772466"><ele>1777.124</ele><time>2017-10-15T16:54:19Z</time></trkpt><trkpt lat="39.983448" lon="20.772401"><ele>1777.362</ele><time>2017-10-15T16:54:24Z</time></trkpt><trkpt lat="39.983429" lon="20.772340"><ele>1777.975</ele><time>2017-10-15T16:54:29Z</time></trkpt><trkpt lat="39.983427" lon="20.772270"><ele>1776.128</ele><time>2017-10-15T16:54:35Z</time></trkpt><trkpt lat="39.983409" lon="20.772202"><ele>1775.820</ele><time>2017-10-15T16:54:39Z</time></trkpt><trkpt lat="39.983441" lon="20.772156"><ele>1776.508</ele><time>2017-10-15T16:54:43Z</time></trkpt><trkpt lat="39.983457" lon="20.772095"><ele>1778.079</ele><time>2017-10-15T16:54:51Z</time></trkpt><trkpt lat="39.983453" lon="20.772033"><ele>1778.477</ele><time>2017-10-15T16:54:56Z</time></trkpt><trkpt lat="39.983443" lon="20.771973"><ele>1779.120</ele><time>2017-10-15T16:55:00Z</time></trkpt><trkpt lat="39.983453" lon="20.771914"><ele>1780.160</ele><time>2017-10-15T16:55:06Z</time></trkpt><trkpt lat="39.983440" lon="20.771857"><ele>1780.884</ele><time>2017-10-15T16:55:11Z</time></trkpt><trkpt lat="39.983441" lon="20.771798"><ele>1782.450</ele><time>2017-10-15T16:55:19Z</time></trkpt><trkpt lat="39.983417" lon="20.771737"><ele>1783.770</ele><time>2017-10-15T16:55:26Z</time></trkpt><trkpt lat="39.983411" lon="20.771671"><ele>1784.988</ele><time>2017-10-15T16:55:37Z</time></trkpt><trkpt lat="39.983380" lon="20.771624"><ele>1786.322</ele><time>2017-10-15T16:55:44Z</time></trkpt><trkpt lat="39.983343" lon="20.771583"><ele>1787.562</ele><time>2017-10-15T16:55:53Z</time></trkpt><trkpt lat="39.983290" lon="20.771540"><ele>1787.708</ele><time>2017-10-15T16:56:00Z</time></trkpt><trkpt lat="39.983260" lon="20.771491"><ele>1788.608</ele><time>2017-10-15T16:56:07Z</time></trkpt><trkpt lat="39.983214" lon="20.771467"><ele>1790.024</ele><time>2017-10-15T16:56:12Z</time></trkpt><trkpt lat="39.983174" lon="20.771433"><ele>1790.792</ele><time>2017-10-15T16:56:19Z</time></trkpt><trkpt lat="39.983130" lon="20.771411"><ele>1790.645</ele><time>2017-10-15T16:56:25Z</time></trkpt><trkpt lat="39.983083" lon="20.771381"><ele>1792.015</ele><time>2017-10-15T16:56:33Z</time></trkpt><trkpt lat="39.983034" lon="20.771379"><ele>1792.879</ele><time>2017-10-15T16:56:38Z</time></trkpt><trkpt lat="39.982990" lon="20.771361"><ele>1793.795</ele><time>2017-10-15T16:56:45Z</time></trkpt><trkpt lat="39.982946" lon="20.771344"><ele>1794.395</ele><time>2017-10-15T16:56:50Z</time></trkpt><trkpt lat="39.982900" lon="20.771323"><ele>1796.163</ele><time>2017-10-15T16:56:55Z</time></trkpt><trkpt lat="39.982890" lon="20.771264"><ele>1799.051</ele><time>2017-10-15T16:57:02Z</time></trkpt><trkpt lat="39.982875" lon="20.771202"><ele>1797.201</ele><time>2017-10-15T16:57:09Z</time></trkpt><trkpt lat="39.982840" lon="20.771156"><ele>1798.611</ele><time>2017-10-15T16:57:18Z</time></trkpt><trkpt lat="39.982793" lon="20.771115"><ele>1800.008</ele><time>2017-10-15T16:57:25Z</time></trkpt><trkpt lat="39.982750" lon="20.771084"><ele>1801.637</ele><time>2017-10-15T16:57:32Z</time></trkpt><trkpt lat="39.982702" lon="20.771054"><ele>1800.955</ele><time>2017-10-15T16:57:37Z</time></trkpt><trkpt lat="39.982658" lon="20.771018"><ele>1801.158</ele><time>2017-10-15T16:57:42Z</time></trkpt><trkpt lat="39.982612" lon="20.771002"><ele>1802.638</ele><time>2017-10-15T16:57:47Z</time></trkpt><trkpt lat="39.982572" lon="20.770967"><ele>1802.442</ele><time>2017-10-15T16:57:52Z</time></trkpt><trkpt lat="39.982525" lon="20.770944"><ele>1803.158</ele><time>2017-10-15T16:57:58Z</time></trkpt><trkpt lat="39.982482" lon="20.770915"><ele>1804.088</ele><time>2017-10-15T16:58:04Z</time></trkpt><trkpt lat="39.982441" lon="20.770880"><ele>1805.216</ele><time>2017-10-15T16:58:11Z</time></trkpt><trkpt lat="39.982392" lon="20.770860"><ele>1805.033</ele><time>2017-10-15T16:58:17Z</time></trkpt><trkpt lat="39.982348" lon="20.770833"><ele>1806.423</ele><time>2017-10-15T16:58:23Z</time></trkpt><trkpt lat="39.982303" lon="20.770810"><ele>1807.615</ele><time>2017-10-15T16:58:28Z</time></trkpt><trkpt lat="39.982257" lon="20.770786"><ele>1808.708</ele><time>2017-10-15T16:58:34Z</time></trkpt><trkpt lat="39.982212" lon="20.770770"><ele>1809.265</ele><time>2017-10-15T16:58:40Z</time></trkpt><trkpt lat="39.982174" lon="20.770725"><ele>1809.733</ele><time>2017-10-15T16:58:46Z</time></trkpt><trkpt lat="39.982133" lon="20.770682"><ele>1812.456</ele><time>2017-10-15T16:58:55Z</time></trkpt><trkpt lat="39.982082" lon="20.770668"><ele>1813.696</ele><time>2017-10-15T16:59:01Z</time></trkpt><trkpt lat="39.982033" lon="20.770646"><ele>1815.970</ele><time>2017-10-15T16:59:12Z</time></trkpt><trkpt lat="39.982003" lon="20.770597"><ele>1817.146</ele><time>2017-10-15T16:59:20Z</time></trkpt><trkpt lat="39.981961" lon="20.770572"><ele>1819.736</ele><time>2017-10-15T16:59:26Z</time></trkpt><trkpt lat="39.981916" lon="20.770551"><ele>1820.054</ele><time>2017-10-15T16:59:31Z</time></trkpt><trkpt lat="39.981878" lon="20.770518"><ele>1821.417</ele><time>2017-10-15T16:59:38Z</time></trkpt><trkpt lat="39.981833" lon="20.770513"><ele>1821.687</ele><time>2017-10-15T16:59:46Z</time></trkpt><trkpt lat="39.981780" lon="20.770498"><ele>1821.415</ele><time>2017-10-15T16:59:52Z</time></trkpt><trkpt lat="39.981734" lon="20.770481"><ele>1823.008</ele><time>2017-10-15T16:59:57Z</time></trkpt><trkpt lat="39.981686" lon="20.770457"><ele>1823.043</ele><time>2017-10-15T17:00:02Z</time></trkpt><trkpt lat="39.981634" lon="20.770462"><ele>1824.131</ele><time>2017-10-15T17:00:07Z</time></trkpt><trkpt lat="39.981590" lon="20.770434"><ele>1823.494</ele><time>2017-10-15T17:00:13Z</time></trkpt><trkpt lat="39.981547" lon="20.770416"><ele>1825.544</ele><time>2017-10-15T17:00:21Z</time></trkpt><trkpt lat="39.981499" lon="20.770430"><ele>1826.188</ele><time>2017-10-15T17:00:26Z</time></trkpt><trkpt lat="39.981465" lon="20.770390"><ele>1827.694</ele><time>2017-10-15T17:00:32Z</time></trkpt><trkpt lat="39.981427" lon="20.770351"><ele>1828.224</ele><time>2017-10-15T17:00:38Z</time></trkpt><trkpt lat="39.981374" lon="20.770334"><ele>1828.862</ele><time>2017-10-15T17:00:44Z</time></trkpt><trkpt lat="39.981325" lon="20.770341"><ele>1829.288</ele><time>2017-10-15T17:00:49Z</time></trkpt><trkpt lat="39.981273" lon="20.770349"><ele>1830.024</ele><time>2017-10-15T17:00:55Z</time></trkpt><trkpt lat="39.981228" lon="20.770361"><ele>1828.926</ele><time>2017-10-15T17:00:59Z</time></trkpt><trkpt lat="39.981172" lon="20.770366"><ele>1829.008</ele><time>2017-10-15T17:01:04Z</time></trkpt><trkpt lat="39.981124" lon="20.770355"><ele>1830.430</ele><time>2017-10-15T17:01:08Z</time></trkpt><trkpt lat="39.981079" lon="20.770350"><ele>1829.278</ele><time>2017-10-15T17:01:12Z</time></trkpt><trkpt lat="39.981028" lon="20.770358"><ele>1828.451</ele><time>2017-10-15T17:01:16Z</time></trkpt><trkpt lat="39.980978" lon="20.770356"><ele>1827.891</ele><time>2017-10-15T17:01:21Z</time></trkpt><trkpt lat="39.980929" lon="20.770351"><ele>1827.435</ele><time>2017-10-15T17:01:25Z</time></trkpt><trkpt lat="39.980875" lon="20.770338"><ele>1827.431</ele><time>2017-10-15T17:01:29Z</time></trkpt><trkpt lat="39.980826" lon="20.770341"><ele>1827.991</ele><time>2017-10-15T17:01:33Z</time></trkpt><trkpt lat="39.980779" lon="20.770340"><ele>1829.899</ele><time>2017-10-15T17:01:39Z</time></trkpt><trkpt lat="39.980737" lon="20.770310"><ele>1830.981</ele><time>2017-10-15T17:01:52Z</time></trkpt><trkpt lat="39.980684" lon="20.770309"><ele>1831.161</ele><time>2017-10-15T17:01:58Z</time></trkpt><trkpt lat="39.980632" lon="20.770319"><ele>1829.617</ele><time>2017-10-15T17:02:03Z</time></trkpt><trkpt lat="39.980586" lon="20.770310"><ele>1830.708</ele><time>2017-10-15T17:02:07Z</time></trkpt><trkpt lat="39.980538" lon="20.770313"><ele>1830.520</ele><time>2017-10-15T17:02:12Z</time></trkpt><trkpt lat="39.980490" lon="20.770305"><ele>1830.448</ele><time>2017-10-15T17:02:17Z</time></trkpt><trkpt lat="39.980442" lon="20.770288"><ele>1832.591</ele><time>2017-10-15T17:02:24Z</time></trkpt><trkpt lat="39.980398" lon="20.770256"><ele>1835.131</ele><time>2017-10-15T17:02:30Z</time></trkpt><trkpt lat="39.980353" lon="20.770238"><ele>1834.775</ele><time>2017-10-15T17:02:37Z</time></trkpt><trkpt lat="39.980310" lon="20.770201"><ele>1835.981</ele><time>2017-10-15T17:02:46Z</time></trkpt><trkpt lat="39.980266" lon="20.770184"><ele>1839.411</ele><time>2017-10-15T17:02:53Z</time></trkpt><trkpt lat="39.980218" lon="20.770159"><ele>1839.869</ele><time>2017-10-15T17:03:00Z</time></trkpt><trkpt lat="39.980181" lon="20.770123"><ele>1840.324</ele><time>2017-10-15T17:03:07Z</time></trkpt><trkpt lat="39.980134" lon="20.770129"><ele>1841.704</ele><time>2017-10-15T17:03:13Z</time></trkpt><trkpt lat="39.980139" lon="20.770063"><ele>1844.214</ele><time>2017-10-15T17:03:23Z</time></trkpt><trkpt lat="39.980094" lon="20.770035"><ele>1847.808</ele><time>2017-10-15T17:03:33Z</time></trkpt><trkpt lat="39.980057" lon="20.769998"><ele>1848.594</ele><time>2017-10-15T17:03:44Z</time></trkpt><trkpt lat="39.980016" lon="20.769973"><ele>1849.262</ele><time>2017-10-15T17:03:48Z</time></trkpt><trkpt lat="39.979969" lon="20.769971"><ele>1850.345</ele><time>2017-10-15T17:03:56Z</time></trkpt><trkpt lat="39.979916" lon="20.769976"><ele>1849.995</ele><time>2017-10-15T17:04:07Z</time></trkpt><trkpt lat="39.979864" lon="20.769965"><ele>1850.379</ele><time>2017-10-15T17:04:13Z</time></trkpt><trkpt lat="39.979819" lon="20.769957"><ele>1850.875</ele><time>2017-10-15T17:04:18Z</time></trkpt><trkpt lat="39.979775" lon="20.769933"><ele>1852.115</ele><time>2017-10-15T17:04:24Z</time></trkpt><trkpt lat="39.979725" lon="20.769958"><ele>1852.243</ele><time>2017-10-15T17:04:30Z</time></trkpt><trkpt lat="39.979676" lon="20.769955"><ele>1853.644</ele><time>2017-10-15T17:04:36Z</time></trkpt><trkpt lat="39.979637" lon="20.769924"><ele>1854.905</ele><time>2017-10-15T17:04:44Z</time></trkpt><trkpt lat="39.979574" lon="20.769921"><ele>1856.215</ele><time>2017-10-15T17:04:52Z</time></trkpt><trkpt lat="39.979523" lon="20.769914"><ele>1856.708</ele><time>2017-10-15T17:04:59Z</time></trkpt><trkpt lat="39.979471" lon="20.769912"><ele>1856.346</ele><time>2017-10-15T17:05:03Z</time></trkpt><trkpt lat="39.979424" lon="20.769888"><ele>1856.654</ele><time>2017-10-15T17:05:08Z</time></trkpt><trkpt lat="39.979372" lon="20.769872"><ele>1856.317</ele><time>2017-10-15T17:05:15Z</time></trkpt><trkpt lat="39.979327" lon="20.769851"><ele>1856.797</ele><time>2017-10-15T17:05:27Z</time></trkpt><trkpt lat="39.979281" lon="20.769818"><ele>1858.231</ele><time>2017-10-15T17:05:35Z</time></trkpt><trkpt lat="39.979235" lon="20.769832"><ele>1859.057</ele><time>2017-10-15T17:05:39Z</time></trkpt><trkpt lat="39.979175" lon="20.769825"><ele>1861.137</ele><time>2017-10-15T17:05:50Z</time></trkpt><trkpt lat="39.979131" lon="20.769845"><ele>1863.225</ele><time>2017-10-15T17:05:56Z</time></trkpt><trkpt lat="39.979091" lon="20.769805"><ele>1864.346</ele><time>2017-10-15T17:06:03Z</time></trkpt><trkpt lat="39.979043" lon="20.769801"><ele>1866.788</ele><time>2017-10-15T17:06:16Z</time></trkpt><trkpt lat="39.979009" lon="20.769856"><ele>1868.016</ele><time>2017-10-15T17:06:24Z</time></trkpt><trkpt lat="39.978957" lon="20.769844"><ele>1868.108</ele><time>2017-10-15T17:06:29Z</time></trkpt><trkpt lat="39.978914" lon="20.769867"><ele>1868.956</ele><time>2017-10-15T17:06:34Z</time></trkpt><trkpt lat="39.978878" lon="20.769904"><ele>1869.134</ele><time>2017-10-15T17:06:38Z</time></trkpt><trkpt lat="39.978844" lon="20.769953"><ele>1869.247</ele><time>2017-10-15T17:06:44Z</time></trkpt><trkpt lat="39.978802" lon="20.769980"><ele>1869.587</ele><time>2017-10-15T17:06:49Z</time></trkpt><trkpt lat="39.978757" lon="20.770016"><ele>1871.361</ele><time>2017-10-15T17:06:55Z</time></trkpt><trkpt lat="39.978711" lon="20.770047"><ele>1870.767</ele><time>2017-10-15T17:07:01Z</time></trkpt><trkpt lat="39.978680" lon="20.770001"><ele>1872.257</ele><time>2017-10-15T17:07:10Z</time></trkpt><trkpt lat="39.978632" lon="20.770012"><ele>1873.915</ele><time>2017-10-15T17:07:19Z</time></trkpt><trkpt lat="39.978586" lon="20.770003"><ele>1876.213</ele><time>2017-10-15T17:07:29Z</time></trkpt><trkpt lat="39.978536" lon="20.770020"><ele>1877.443</ele><time>2017-10-15T17:07:36Z</time></trkpt><trkpt lat="39.978491" lon="20.770001"><ele>1878.707</ele><time>2017-10-15T17:07:44Z</time></trkpt><trkpt lat="39.978484" lon="20.769941"><ele>1881.908</ele><time>2017-10-15T17:07:55Z</time></trkpt><trkpt lat="39.978487" lon="20.769875"><ele>1883.463</ele><time>2017-10-15T17:08:09Z</time></trkpt><trkpt lat="39.978489" lon="20.769816"><ele>1885.831</ele><time>2017-10-15T17:08:16Z</time></trkpt><trkpt lat="39.978505" lon="20.769756"><ele>1887.124</ele><time>2017-10-15T17:08:24Z</time></trkpt><trkpt lat="39.978482" lon="20.769699"><ele>1889.024</ele><time>2017-10-15T17:08:33Z</time></trkpt><trkpt lat="39.978475" lon="20.769630"><ele>1891.478</ele><time>2017-10-15T17:08:41Z</time></trkpt><trkpt lat="39.978514" lon="20.769593"><ele>1892.594</ele><time>2017-10-15T17:08:48Z</time></trkpt><trkpt lat="39.978553" lon="20.769563"><ele>1893.174</ele><time>2017-10-15T17:08:55Z</time></trkpt><trkpt lat="39.978596" lon="20.769543"><ele>1894.152</ele><time>2017-10-15T17:09:02Z</time></trkpt><trkpt lat="39.978618" lon="20.769488"><ele>1895.783</ele><time>2017-10-15T17:09:15Z</time></trkpt><trkpt lat="39.978653" lon="20.769443"><ele>1897.625</ele><time>2017-10-15T17:09:21Z</time></trkpt><trkpt lat="39.978661" lon="20.769375"><ele>1899.217</ele><time>2017-10-15T17:09:31Z</time></trkpt><trkpt lat="39.978689" lon="20.769322"><ele>1900.908</ele><time>2017-10-15T17:09:39Z</time></trkpt><trkpt lat="39.978645" lon="20.769295"><ele>1902.710</ele><time>2017-10-15T17:09:45Z</time></trkpt><trkpt lat="39.978607" lon="20.769262"><ele>1904.228</ele><time>2017-10-15T17:09:56Z</time></trkpt><trkpt lat="39.978564" lon="20.769227"><ele>1905.521</ele><time>2017-10-15T17:10:07Z</time></trkpt><trkpt lat="39.978514" lon="20.769212"><ele>1907.671</ele><time>2017-10-15T17:10:16Z</time></trkpt><trkpt lat="39.978468" lon="20.769207"><ele>1908.225</ele><time>2017-10-15T17:10:22Z</time></trkpt><trkpt lat="39.978417" lon="20.769226"><ele>1909.611</ele><time>2017-10-15T17:10:28Z</time></trkpt><trkpt lat="39.978388" lon="20.769178"><ele>1910.741</ele><time>2017-10-15T17:10:36Z</time></trkpt><trkpt lat="39.978400" lon="20.769111"><ele>1912.689</ele><time>2017-10-15T17:10:43Z</time></trkpt><trkpt lat="39.978419" lon="20.769054"><ele>1914.176</ele><time>2017-10-15T17:10:51Z</time></trkpt><trkpt lat="39.978438" lon="20.768999"><ele>1915.490</ele><time>2017-10-15T17:10:57Z</time></trkpt><trkpt lat="39.978450" lon="20.768941"><ele>1916.419</ele><time>2017-10-15T17:11:03Z</time></trkpt><trkpt lat="39.978417" lon="20.768890"><ele>1917.908</ele><time>2017-10-15T17:11:12Z</time></trkpt><trkpt lat="39.978370" lon="20.768855"><ele>1919.389</ele><time>2017-10-15T17:11:19Z</time></trkpt><trkpt lat="39.978369" lon="20.768796"><ele>1919.947</ele><time>2017-10-15T17:11:24Z</time></trkpt><trkpt lat="39.978373" lon="20.768734"><ele>1921.730</ele><time>2017-10-15T17:11:31Z</time></trkpt><trkpt lat="39.978420" lon="20.768746"><ele>1922.670</ele><time>2017-10-15T17:11:49Z</time></trkpt><trkpt lat="39.978474" lon="20.768746"><ele>1925.754</ele><time>2017-10-15T17:11:56Z</time></trkpt><trkpt lat="39.978527" lon="20.768743"><ele>1925.250</ele><time>2017-10-15T17:12:01Z</time></trkpt><trkpt lat="39.978573" lon="20.768753"><ele>1925.910</ele><time>2017-10-15T17:12:07Z</time></trkpt><trkpt lat="39.978621" lon="20.768764"><ele>1926.668</ele><time>2017-10-15T17:12:13Z</time></trkpt><trkpt lat="39.978676" lon="20.768762"><ele>1929.614</ele><time>2017-10-15T17:12:18Z</time></trkpt><trkpt lat="39.978725" lon="20.768747"><ele>1929.754</ele><time>2017-10-15T17:12:23Z</time></trkpt><trkpt lat="39.978771" lon="20.768745"><ele>1929.109</ele><time>2017-10-15T17:12:28Z</time></trkpt><trkpt lat="39.978765" lon="20.768740"><ele>1926.008</ele><time>2017-10-15T17:28:34Z</time></trkpt><trkpt lat="39.978717" lon="20.768771"><ele>1928.013</ele><time>2017-10-15T17:28:50Z</time></trkpt><trkpt lat="39.978672" lon="20.768765"><ele>1928.541</ele><time>2017-10-15T17:28:54Z</time></trkpt><trkpt lat="39.978621" lon="20.768773"><ele>1925.674</ele><time>2017-10-15T17:29:00Z</time></trkpt><trkpt lat="39.978570" lon="20.768789"><ele>1924.484</ele><time>2017-10-15T17:29:04Z</time></trkpt><trkpt lat="39.978513" lon="20.768784"><ele>1925.358</ele><time>2017-10-15T17:29:10Z</time></trkpt><trkpt lat="39.978465" lon="20.768790"><ele>1920.944</ele><time>2017-10-15T17:29:15Z</time></trkpt><trkpt lat="39.978420" lon="20.768779"><ele>1921.024</ele><time>2017-10-15T17:29:20Z</time></trkpt><trkpt lat="39.978371" lon="20.768754"><ele>1921.942</ele><time>2017-10-15T17:29:25Z</time></trkpt><trkpt lat="39.978332" lon="20.768714"><ele>1919.036</ele><time>2017-10-15T17:29:31Z</time></trkpt><trkpt lat="39.978284" lon="20.768682"><ele>1916.317</ele><time>2017-10-15T17:29:40Z</time></trkpt><trkpt lat="39.978304" lon="20.768615"><ele>1913.618</ele><time>2017-10-15T17:29:47Z</time></trkpt><trkpt lat="39.978333" lon="20.768566"><ele>1914.408</ele><time>2017-10-15T17:29:52Z</time></trkpt><trkpt lat="39.978377" lon="20.768526"><ele>1912.265</ele><time>2017-10-15T17:29:57Z</time></trkpt><trkpt lat="39.978390" lon="20.768465"><ele>1911.813</ele><time>2017-10-15T17:30:04Z</time></trkpt><trkpt lat="39.978417" lon="20.768407"><ele>1909.926</ele><time>2017-10-15T17:30:09Z</time></trkpt><trkpt lat="39.978466" lon="20.768411"><ele>1908.056</ele><time>2017-10-15T17:30:14Z</time></trkpt><trkpt lat="39.978470" lon="20.768348"><ele>1907.990</ele><time>2017-10-15T17:30:21Z</time></trkpt><trkpt lat="39.978424" lon="20.768319"><ele>1906.186</ele><time>2017-10-15T17:30:26Z</time></trkpt><trkpt lat="39.978441" lon="20.768260"><ele>1903.876</ele><time>2017-10-15T17:30:32Z</time></trkpt><trkpt lat="39.978477" lon="20.768216"><ele>1904.484</ele><time>2017-10-15T17:30:37Z</time></trkpt><trkpt lat="39.978520" lon="20.768173"><ele>1900.318</ele><time>2017-10-15T17:30:43Z</time></trkpt><trkpt lat="39.978548" lon="20.768121"><ele>1901.098</ele><time>2017-10-15T17:30:48Z</time></trkpt><trkpt lat="39.978576" lon="20.768075"><ele>1900.617</ele><time>2017-10-15T17:30:52Z</time></trkpt><trkpt lat="39.978536" lon="20.768036"><ele>1899.608</ele><time>2017-10-15T17:31:00Z</time></trkpt><trkpt lat="39.978490" lon="20.768054"><ele>1897.853</ele><time>2017-10-15T17:31:04Z</time></trkpt><trkpt lat="39.978459" lon="20.768007"><ele>1897.661</ele><time>2017-10-15T17:31:11Z</time></trkpt><trkpt lat="39.978484" lon="20.767954"><ele>1895.054</ele><time>2017-10-15T17:31:16Z</time></trkpt><trkpt lat="39.978457" lon="20.767900"><ele>1894.884</ele><time>2017-10-15T17:31:21Z</time></trkpt><trkpt lat="39.978469" lon="20.767838"><ele>1895.518</ele><time>2017-10-15T17:31:25Z</time></trkpt><trkpt lat="39.978474" lon="20.767777"><ele>1892.934</ele><time>2017-10-15T17:31:31Z</time></trkpt><trkpt lat="39.978446" lon="20.767730"><ele>1893.244</ele><time>2017-10-15T17:31:36Z</time></trkpt><trkpt lat="39.978395" lon="20.767751"><ele>1890.712</ele><time>2017-10-15T17:31:41Z</time></trkpt><trkpt lat="39.978356" lon="20.767783"><ele>1890.634</ele><time>2017-10-15T17:31:45Z</time></trkpt><trkpt lat="39.978317" lon="20.767818"><ele>1891.055</ele><time>2017-10-15T17:31:51Z</time></trkpt><trkpt lat="39.978265" lon="20.767845"><ele>1892.010</ele><time>2017-10-15T17:31:55Z</time></trkpt><trkpt lat="39.978214" lon="20.767849"><ele>1889.608</ele><time>2017-10-15T17:32:01Z</time></trkpt><trkpt lat="39.978214" lon="20.767784"><ele>1888.115</ele><time>2017-10-15T17:32:06Z</time></trkpt><trkpt lat="39.978255" lon="20.767750"><ele>1887.393</ele><time>2017-10-15T17:32:09Z</time></trkpt><trkpt lat="39.978255" lon="20.767679"><ele>1886.646</ele><time>2017-10-15T17:32:14Z</time></trkpt><trkpt lat="39.978271" lon="20.767620"><ele>1883.866</ele><time>2017-10-15T17:32:19Z</time></trkpt><trkpt lat="39.978253" lon="20.767557"><ele>1884.730</ele><time>2017-10-15T17:32:25Z</time></trkpt><trkpt lat="39.978234" lon="20.767495"><ele>1882.656</ele><time>2017-10-15T17:32:30Z</time></trkpt><trkpt lat="39.978232" lon="20.767428"><ele>1882.866</ele><time>2017-10-15T17:32:35Z</time></trkpt><trkpt lat="39.978201" lon="20.767372"><ele>1882.764</ele><time>2017-10-15T17:32:40Z</time></trkpt><trkpt lat="39.978156" lon="20.767338"><ele>1881.421</ele><time>2017-10-15T17:32:47Z</time></trkpt><trkpt lat="39.978128" lon="20.767280"><ele>1879.141</ele><time>2017-10-15T17:32:52Z</time></trkpt><trkpt lat="39.978112" lon="20.767219"><ele>1877.505</ele><time>2017-10-15T17:32:56Z</time></trkpt><trkpt lat="39.978096" lon="20.767162"><ele>1877.908</ele><time>2017-10-15T17:33:00Z</time></trkpt><trkpt lat="39.978063" lon="20.767109"><ele>1876.744</ele><time>2017-10-15T17:33:05Z</time></trkpt><trkpt lat="39.978041" lon="20.767058"><ele>1875.952</ele><time>2017-10-15T17:33:09Z</time></trkpt><trkpt lat="39.978016" lon="20.767007"><ele>1874.035</ele><time>2017-10-15T17:33:14Z</time></trkpt><trkpt lat="39.977979" lon="20.766958"><ele>1871.215</ele><time>2017-10-15T17:33:20Z</time></trkpt><trkpt lat="39.977950" lon="20.766896"><ele>1870.459</ele><time>2017-10-15T17:33:25Z</time></trkpt><trkpt lat="39.977912" lon="20.766854"><ele>1868.935</ele><time>2017-10-15T17:33:30Z</time></trkpt><trkpt lat="39.977872" lon="20.766822"><ele>1868.125</ele><time>2017-10-15T17:33:35Z</time></trkpt><trkpt lat="39.977870" lon="20.766761"><ele>1867.353</ele><time>2017-10-15T17:33:40Z</time></trkpt><trkpt lat="39.977891" lon="20.766698"><ele>1866.641</ele><time>2017-10-15T17:33:45Z</time></trkpt><trkpt lat="39.977910" lon="20.766629"><ele>1863.981</ele><time>2017-10-15T17:33:51Z</time></trkpt><trkpt lat="39.977926" lon="20.766562"><ele>1865.609</ele><time>2017-10-15T17:33:56Z</time></trkpt><trkpt lat="39.977953" lon="20.766502"><ele>1863.308</ele><time>2017-10-15T17:34:02Z</time></trkpt><trkpt lat="39.977966" lon="20.766430"><ele>1863.956</ele><time>2017-10-15T17:34:08Z</time></trkpt><trkpt lat="39.977968" lon="20.766367"><ele>1863.784</ele><time>2017-10-15T17:34:13Z</time></trkpt><trkpt lat="39.977965" lon="20.766301"><ele>1862.297</ele><time>2017-10-15T17:34:18Z</time></trkpt><trkpt lat="39.977959" lon="20.766232"><ele>1861.937</ele><time>2017-10-15T17:34:23Z</time></trkpt><trkpt lat="39.977948" lon="20.766173"><ele>1859.921</ele><time>2017-10-15T17:34:27Z</time></trkpt><trkpt lat="39.977950" lon="20.766112"><ele>1860.117</ele><time>2017-10-15T17:34:31Z</time></trkpt><trkpt lat="39.977951" lon="20.766043"><ele>1860.237</ele><time>2017-10-15T17:34:36Z</time></trkpt><trkpt lat="39.977938" lon="20.765982"><ele>1859.195</ele><time>2017-10-15T17:34:40Z</time></trkpt><trkpt lat="39.977923" lon="20.765919"><ele>1858.861</ele><time>2017-10-15T17:34:44Z</time></trkpt><trkpt lat="39.977906" lon="20.765857"><ele>1857.921</ele><time>2017-10-15T17:34:49Z</time></trkpt><trkpt lat="39.977882" lon="20.765804"><ele>1857.013</ele><time>2017-10-15T17:34:54Z</time></trkpt><trkpt lat="39.977858" lon="20.765752"><ele>1855.908</ele><time>2017-10-15T17:34:58Z</time></trkpt><trkpt lat="39.977850" lon="20.765687"><ele>1854.238</ele><time>2017-10-15T17:35:03Z</time></trkpt><trkpt lat="39.977841" lon="20.765627"><ele>1854.366</ele><time>2017-10-15T17:35:07Z</time></trkpt><trkpt lat="39.977840" lon="20.765564"><ele>1853.969</ele><time>2017-10-15T17:35:11Z</time></trkpt><trkpt lat="39.977854" lon="20.765496"><ele>1852.429</ele><time>2017-10-15T17:35:16Z</time></trkpt><trkpt lat="39.977868" lon="20.765423"><ele>1852.053</ele><time>2017-10-15T17:35:21Z</time></trkpt><trkpt lat="39.977891" lon="20.765359"><ele>1850.779</ele><time>2017-10-15T17:35:25Z</time></trkpt><trkpt lat="39.977906" lon="20.765303"><ele>1850.329</ele><time>2017-10-15T17:35:29Z</time></trkpt><trkpt lat="39.977935" lon="20.765240"><ele>1851.337</ele><time>2017-10-15T17:35:33Z</time></trkpt><trkpt lat="39.977965" lon="20.765188"><ele>1849.186</ele><time>2017-10-15T17:35:37Z</time></trkpt><trkpt lat="39.977971" lon="20.765118"><ele>1849.360</ele><time>2017-10-15T17:35:42Z</time></trkpt><trkpt lat="39.977955" lon="20.765058"><ele>1847.426</ele><time>2017-10-15T17:35:46Z</time></trkpt><trkpt lat="39.977955" lon="20.764999"><ele>1848.908</ele><time>2017-10-15T17:35:51Z</time></trkpt><trkpt lat="39.977966" lon="20.764935"><ele>1846.750</ele><time>2017-10-15T17:35:57Z</time></trkpt><trkpt lat="39.977962" lon="20.764867"><ele>1845.858</ele><time>2017-10-15T17:36:02Z</time></trkpt><trkpt lat="39.977937" lon="20.764810"><ele>1845.151</ele><time>2017-10-15T17:36:06Z</time></trkpt><trkpt lat="39.977939" lon="20.764745"><ele>1843.611</ele><time>2017-10-15T17:36:12Z</time></trkpt><trkpt lat="39.977935" lon="20.764684"><ele>1842.945</ele><time>2017-10-15T17:36:21Z</time></trkpt><trkpt lat="39.977891" lon="20.764663"><ele>1840.941</ele><time>2017-10-15T17:36:26Z</time></trkpt><trkpt lat="39.977895" lon="20.764603"><ele>1839.931</ele><time>2017-10-15T17:36:31Z</time></trkpt><trkpt lat="39.977933" lon="20.764557"><ele>1837.469</ele><time>2017-10-15T17:36:37Z</time></trkpt><trkpt lat="39.977920" lon="20.764487"><ele>1837.576</ele><time>2017-10-15T17:36:43Z</time></trkpt><trkpt lat="39.977920" lon="20.764419"><ele>1838.290</ele><time>2017-10-15T17:36:57Z</time></trkpt><trkpt lat="39.977914" lon="20.764359"><ele>1835.919</ele><time>2017-10-15T17:37:01Z</time></trkpt><trkpt lat="39.977909" lon="20.764295"><ele>1835.808</ele><time>2017-10-15T17:37:08Z</time></trkpt><trkpt lat="39.977931" lon="20.764235"><ele>1832.649</ele><time>2017-10-15T17:37:17Z</time></trkpt><trkpt lat="39.977926" lon="20.764168"><ele>1831.657</ele><time>2017-10-15T17:37:23Z</time></trkpt><trkpt lat="39.977893" lon="20.764126"><ele>1832.690</ele><time>2017-10-15T17:37:27Z</time></trkpt><trkpt lat="39.977876" lon="20.764063"><ele>1830.150</ele><time>2017-10-15T17:37:34Z</time></trkpt><trkpt lat="39.977877" lon="20.764001"><ele>1829.764</ele><time>2017-10-15T17:37:41Z</time></trkpt><trkpt lat="39.977868" lon="20.763937"><ele>1827.410</ele><time>2017-10-15T17:37:48Z</time></trkpt><trkpt lat="39.977893" lon="20.763876"><ele>1825.660</ele><time>2017-10-15T17:37:55Z</time></trkpt><trkpt lat="39.977887" lon="20.763807"><ele>1825.198</ele><time>2017-10-15T17:38:00Z</time></trkpt><trkpt lat="39.977891" lon="20.763738"><ele>1823.941</ele><time>2017-10-15T17:38:06Z</time></trkpt><trkpt lat="39.977885" lon="20.763679"><ele>1822.081</ele><time>2017-10-15T17:38:11Z</time></trkpt><trkpt lat="39.977890" lon="20.763607"><ele>1819.909</ele><time>2017-10-15T17:38:17Z</time></trkpt><trkpt lat="39.977895" lon="20.763541"><ele>1817.508</ele><time>2017-10-15T17:38:22Z</time></trkpt><trkpt lat="39.977926" lon="20.763492"><ele>1816.986</ele><time>2017-10-15T17:38:28Z</time></trkpt><trkpt lat="39.977945" lon="20.763432"><ele>1814.844</ele><time>2017-10-15T17:38:32Z</time></trkpt><trkpt lat="39.977952" lon="20.763373"><ele>1815.057</ele><time>2017-10-15T17:38:37Z</time></trkpt><trkpt lat="39.977931" lon="20.763311"><ele>1814.237</ele><time>2017-10-15T17:38:41Z</time></trkpt><trkpt lat="39.977917" lon="20.763251"><ele>1812.461</ele><time>2017-10-15T17:38:45Z</time></trkpt><trkpt lat="39.977900" lon="20.763195"><ele>1813.047</ele><time>2017-10-15T17:38:49Z</time></trkpt><trkpt lat="39.977886" lon="20.763129"><ele>1811.067</ele><time>2017-10-15T17:38:54Z</time></trkpt><trkpt lat="39.977876" lon="20.763060"><ele>1811.715</ele><time>2017-10-15T17:38:58Z</time></trkpt><trkpt lat="39.977841" lon="20.762999"><ele>1810.231</ele><time>2017-10-15T17:39:02Z</time></trkpt><trkpt lat="39.977813" lon="20.762934"><ele>1810.061</ele><time>2017-10-15T17:39:06Z</time></trkpt><trkpt lat="39.977802" lon="20.762876"><ele>1810.907</ele><time>2017-10-15T17:39:10Z</time></trkpt><trkpt lat="39.977787" lon="20.762810"><ele>1808.608</ele><time>2017-10-15T17:39:14Z</time></trkpt><trkpt lat="39.977764" lon="20.762747"><ele>1806.975</ele><time>2017-10-15T17:39:18Z</time></trkpt><trkpt lat="39.977748" lon="20.762691"><ele>1807.413</ele><time>2017-10-15T17:39:23Z</time></trkpt><trkpt lat="39.977743" lon="20.762629"><ele>1805.756</ele><time>2017-10-15T17:39:27Z</time></trkpt><trkpt lat="39.977705" lon="20.762573"><ele>1805.946</ele><time>2017-10-15T17:39:31Z</time></trkpt><trkpt lat="39.977673" lon="20.762512"><ele>1805.960</ele><time>2017-10-15T17:39:35Z</time></trkpt><trkpt lat="39.977669" lon="20.762441"><ele>1802.716</ele><time>2017-10-15T17:39:40Z</time></trkpt><trkpt lat="39.977677" lon="20.762380"><ele>1800.596</ele><time>2017-10-15T17:39:45Z</time></trkpt><trkpt lat="39.977698" lon="20.762323"><ele>1801.964</ele><time>2017-10-15T17:39:52Z</time></trkpt><trkpt lat="39.977695" lon="20.762255"><ele>1800.853</ele><time>2017-10-15T17:39:56Z</time></trkpt><trkpt lat="39.977695" lon="20.762194"><ele>1799.804</ele><time>2017-10-15T17:40:01Z</time></trkpt><trkpt lat="39.977714" lon="20.762126"><ele>1798.414</ele><time>2017-10-15T17:40:07Z</time></trkpt><trkpt lat="39.977727" lon="20.762060"><ele>1797.608</ele><time>2017-10-15T17:40:11Z</time></trkpt><trkpt lat="39.977729" lon="20.761998"><ele>1796.957</ele><time>2017-10-15T17:40:16Z</time></trkpt><trkpt lat="39.977719" lon="20.761935"><ele>1795.975</ele><time>2017-10-15T17:40:20Z</time></trkpt><trkpt lat="39.977715" lon="20.761873"><ele>1795.648</ele><time>2017-10-15T17:40:24Z</time></trkpt><trkpt lat="39.977723" lon="20.761800"><ele>1793.398</ele><time>2017-10-15T17:40:29Z</time></trkpt><trkpt lat="39.977707" lon="20.761745"><ele>1793.442</ele><time>2017-10-15T17:40:33Z</time></trkpt><trkpt lat="39.977705" lon="20.761675"><ele>1790.848</ele><time>2017-10-15T17:40:38Z</time></trkpt><trkpt lat="39.977696" lon="20.761612"><ele>1790.628</ele><time>2017-10-15T17:40:43Z</time></trkpt><trkpt lat="39.977664" lon="20.761566"><ele>1787.866</ele><time>2017-10-15T17:40:48Z</time></trkpt><trkpt lat="39.977615" lon="20.761536"><ele>1789.675</ele><time>2017-10-15T17:40:53Z</time></trkpt><trkpt lat="39.977572" lon="20.761515"><ele>1788.028</ele><time>2017-10-15T17:40:57Z</time></trkpt><trkpt lat="39.977523" lon="20.761506"><ele>1788.120</ele><time>2017-10-15T17:41:01Z</time></trkpt><trkpt lat="39.977476" lon="20.761472"><ele>1787.008</ele><time>2017-10-15T17:41:06Z</time></trkpt><trkpt lat="39.977443" lon="20.761431"><ele>1785.639</ele><time>2017-10-15T17:41:10Z</time></trkpt><trkpt lat="39.977403" lon="20.761384"><ele>1784.327</ele><time>2017-10-15T17:41:14Z</time></trkpt><trkpt lat="39.977369" lon="20.761332"><ele>1785.250</ele><time>2017-10-15T17:41:18Z</time></trkpt><trkpt lat="39.977328" lon="20.761275"><ele>1783.250</ele><time>2017-10-15T17:41:22Z</time></trkpt><trkpt lat="39.977283" lon="20.761237"><ele>1783.584</ele><time>2017-10-15T17:41:26Z</time></trkpt><trkpt lat="39.977246" lon="20.761200"><ele>1781.690</ele><time>2017-10-15T17:41:30Z</time></trkpt><trkpt lat="39.977209" lon="20.761167"><ele>1779.510</ele><time>2017-10-15T17:41:35Z</time></trkpt><trkpt lat="39.977170" lon="20.761125"><ele>1778.178</ele><time>2017-10-15T17:41:39Z</time></trkpt><trkpt lat="39.977140" lon="20.761079"><ele>1778.226</ele><time>2017-10-15T17:41:44Z</time></trkpt><trkpt lat="39.977100" lon="20.761045"><ele>1776.947</ele><time>2017-10-15T17:41:48Z</time></trkpt><trkpt lat="39.977057" lon="20.761016"><ele>1775.211</ele><time>2017-10-15T17:41:52Z</time></trkpt><trkpt lat="39.977008" lon="20.760985"><ele>1776.308</ele><time>2017-10-15T17:41:56Z</time></trkpt><trkpt lat="39.976970" lon="20.760948"><ele>1773.024</ele><time>2017-10-15T17:42:01Z</time></trkpt><trkpt lat="39.977012" lon="20.760920"><ele>1772.462</ele><time>2017-10-15T17:42:07Z</time></trkpt><trkpt lat="39.977056" lon="20.760908"><ele>1769.755</ele><time>2017-10-15T17:42:12Z</time></trkpt><trkpt lat="39.977099" lon="20.760882"><ele>1769.515</ele><time>2017-10-15T17:42:18Z</time></trkpt><trkpt lat="39.977141" lon="20.760835"><ele>1765.569</ele><time>2017-10-15T17:42:25Z</time></trkpt><trkpt lat="39.977189" lon="20.760815"><ele>1767.345</ele><time>2017-10-15T17:42:30Z</time></trkpt><trkpt lat="39.977176" lon="20.760751"><ele>1765.045</ele><time>2017-10-15T17:42:47Z</time></trkpt><trkpt lat="39.977132" lon="20.760719"><ele>1764.443</ele><time>2017-10-15T17:42:51Z</time></trkpt><trkpt lat="39.977091" lon="20.760695"><ele>1763.684</ele><time>2017-10-15T17:42:55Z</time></trkpt><trkpt lat="39.977067" lon="20.760643"><ele>1759.907</ele><time>2017-10-15T17:43:00Z</time></trkpt><trkpt lat="39.977037" lon="20.760594"><ele>1757.617</ele><time>2017-10-15T17:43:05Z</time></trkpt><trkpt lat="39.976998" lon="20.760548"><ele>1758.708</ele><time>2017-10-15T17:43:10Z</time></trkpt><trkpt lat="39.976956" lon="20.760507"><ele>1757.770</ele><time>2017-10-15T17:43:15Z</time></trkpt><trkpt lat="39.976906" lon="20.760525"><ele>1756.328</ele><time>2017-10-15T17:43:22Z</time></trkpt><trkpt lat="39.976885" lon="20.760461"><ele>1755.531</ele><time>2017-10-15T17:44:16Z</time></trkpt><trkpt lat="39.976914" lon="20.760514"><ele>1755.941</ele><time>2017-10-15T17:45:54Z</time></trkpt><trkpt lat="39.976866" lon="20.760497"><ele>1754.615</ele><time>2017-10-15T17:46:04Z</time></trkpt><trkpt lat="39.976826" lon="20.760455"><ele>1754.161</ele><time>2017-10-15T17:46:09Z</time></trkpt><trkpt lat="39.976773" lon="20.760416"><ele>1752.771</ele><time>2017-10-15T17:46:14Z</time></trkpt><trkpt lat="39.976719" lon="20.760384"><ele>1752.549</ele><time>2017-10-15T17:46:18Z</time></trkpt><trkpt lat="39.976666" lon="20.760348"><ele>1753.427</ele><time>2017-10-15T17:46:22Z</time></trkpt><trkpt lat="39.976629" lon="20.760312"><ele>1751.668</ele><time>2017-10-15T17:46:26Z</time></trkpt><trkpt lat="39.976583" lon="20.760292"><ele>1751.314</ele><time>2017-10-15T17:46:31Z</time></trkpt><trkpt lat="39.976533" lon="20.760255"><ele>1751.508</ele><time>2017-10-15T17:46:35Z</time></trkpt><trkpt lat="39.976483" lon="20.760247"><ele>1752.854</ele><time>2017-10-15T17:46:41Z</time></trkpt><trkpt lat="39.976430" lon="20.760240"><ele>1750.712</ele><time>2017-10-15T17:46:46Z</time></trkpt><trkpt lat="39.976382" lon="20.760213"><ele>1749.185</ele><time>2017-10-15T17:46:50Z</time></trkpt><trkpt lat="39.976336" lon="20.760184"><ele>1749.825</ele><time>2017-10-15T17:46:55Z</time></trkpt><trkpt lat="39.976292" lon="20.760136"><ele>1746.299</ele><time>2017-10-15T17:46:59Z</time></trkpt><trkpt lat="39.976252" lon="20.760083"><ele>1747.065</ele><time>2017-10-15T17:47:04Z</time></trkpt><trkpt lat="39.976205" lon="20.760048"><ele>1745.665</ele><time>2017-10-15T17:47:08Z</time></trkpt><trkpt lat="39.976168" lon="20.760003"><ele>1743.843</ele><time>2017-10-15T17:47:12Z</time></trkpt><trkpt lat="39.976125" lon="20.759964"><ele>1744.459</ele><time>2017-10-15T17:47:16Z</time></trkpt><trkpt lat="39.976080" lon="20.759923"><ele>1743.903</ele><time>2017-10-15T17:47:20Z</time></trkpt><trkpt lat="39.976035" lon="20.759893"><ele>1743.823</ele><time>2017-10-15T17:47:23Z</time></trkpt><trkpt lat="39.975986" lon="20.759857"><ele>1742.808</ele><time>2017-10-15T17:47:27Z</time></trkpt><trkpt lat="39.975947" lon="20.759823"><ele>1742.757</ele><time>2017-10-15T17:47:31Z</time></trkpt><trkpt lat="39.975908" lon="20.759792"><ele>1742.125</ele><time>2017-10-15T17:47:35Z</time></trkpt><trkpt lat="39.975866" lon="20.759743"><ele>1741.568</ele><time>2017-10-15T17:47:40Z</time></trkpt><trkpt lat="39.975847" lon="20.759684"><ele>1740.398</ele><time>2017-10-15T17:47:44Z</time></trkpt><trkpt lat="39.975821" lon="20.759621"><ele>1739.552</ele><time>2017-10-15T17:47:48Z</time></trkpt><trkpt lat="39.975805" lon="20.759564"><ele>1738.468</ele><time>2017-10-15T17:47:53Z</time></trkpt><trkpt lat="39.975815" lon="20.759499"><ele>1736.768</ele><time>2017-10-15T17:48:02Z</time></trkpt><trkpt lat="39.975834" lon="20.759442"><ele>1733.596</ele><time>2017-10-15T17:48:08Z</time></trkpt><trkpt lat="39.975861" lon="20.759387"><ele>1732.746</ele><time>2017-10-15T17:48:14Z</time></trkpt><trkpt lat="39.975881" lon="20.759325"><ele>1731.488</ele><time>2017-10-15T17:48:19Z</time></trkpt><trkpt lat="39.975893" lon="20.759261"><ele>1723.816</ele><time>2017-10-15T17:48:25Z</time></trkpt><trkpt lat="39.975898" lon="20.759196"><ele>1723.308</ele><time>2017-10-15T17:48:31Z</time></trkpt><trkpt lat="39.975905" lon="20.759133"><ele>1722.116</ele><time>2017-10-15T17:48:37Z</time></trkpt><trkpt lat="39.975908" lon="20.759070"><ele>1719.084</ele><time>2017-10-15T17:48:45Z</time></trkpt><trkpt lat="39.975902" lon="20.759006"><ele>1715.467</ele><time>2017-10-15T17:48:51Z</time></trkpt><trkpt lat="39.975901" lon="20.758938"><ele>1713.437</ele><time>2017-10-15T17:48:57Z</time></trkpt><trkpt lat="39.975915" lon="20.758881"><ele>1712.571</ele><time>2017-10-15T17:49:04Z</time></trkpt><trkpt lat="39.975956" lon="20.758844"><ele>1709.417</ele><time>2017-10-15T17:49:10Z</time></trkpt><trkpt lat="39.976003" lon="20.758807"><ele>1708.867</ele><time>2017-10-15T17:49:17Z</time></trkpt><trkpt lat="39.975974" lon="20.758754"><ele>1705.995</ele><time>2017-10-15T17:49:21Z</time></trkpt><trkpt lat="39.975936" lon="20.758699"><ele>1704.145</ele><time>2017-10-15T17:49:25Z</time></trkpt><trkpt lat="39.975908" lon="20.758651"><ele>1705.147</ele><time>2017-10-15T17:49:29Z</time></trkpt><trkpt lat="39.975875" lon="20.758608"><ele>1702.611</ele><time>2017-10-15T17:49:33Z</time></trkpt><trkpt lat="39.975839" lon="20.758563"><ele>1703.108</ele><time>2017-10-15T17:49:37Z</time></trkpt><trkpt lat="39.975797" lon="20.758516"><ele>1700.086</ele><time>2017-10-15T17:49:42Z</time></trkpt><trkpt lat="39.975760" lon="20.758471"><ele>1700.274</ele><time>2017-10-15T17:49:46Z</time></trkpt><trkpt lat="39.975723" lon="20.758424"><ele>1697.787</ele><time>2017-10-15T17:49:51Z</time></trkpt><trkpt lat="39.975690" lon="20.758373"><ele>1698.217</ele><time>2017-10-15T17:49:55Z</time></trkpt><trkpt lat="39.975659" lon="20.758325"><ele>1696.611</ele><time>2017-10-15T17:49:59Z</time></trkpt><trkpt lat="39.975630" lon="20.758268"><ele>1695.237</ele><time>2017-10-15T17:50:04Z</time></trkpt><trkpt lat="39.975606" lon="20.758211"><ele>1695.897</ele><time>2017-10-15T17:50:08Z</time></trkpt><trkpt lat="39.975579" lon="20.758153"><ele>1694.555</ele><time>2017-10-15T17:50:13Z</time></trkpt><trkpt lat="39.975546" lon="20.758102"><ele>1695.416</ele><time>2017-10-15T17:50:18Z</time></trkpt><trkpt lat="39.975506" lon="20.758054"><ele>1693.676</ele><time>2017-10-15T17:50:23Z</time></trkpt><trkpt lat="39.975478" lon="20.758001"><ele>1693.113</ele><time>2017-10-15T17:50:27Z</time></trkpt><trkpt lat="39.975439" lon="20.757950"><ele>1692.208</ele><time>2017-10-15T17:50:32Z</time></trkpt><trkpt lat="39.975431" lon="20.757891"><ele>1692.463</ele><time>2017-10-15T17:50:36Z</time></trkpt><trkpt lat="39.975414" lon="20.757829"><ele>1690.341</ele><time>2017-10-15T17:50:40Z</time></trkpt><trkpt lat="39.975387" lon="20.757773"><ele>1688.214</ele><time>2017-10-15T17:50:44Z</time></trkpt><trkpt lat="39.975372" lon="20.757713"><ele>1685.514</ele><time>2017-10-15T17:50:48Z</time></trkpt><trkpt lat="39.975356" lon="20.757654"><ele>1688.688</ele><time>2017-10-15T17:50:52Z</time></trkpt><trkpt lat="39.975355" lon="20.757581"><ele>1685.684</ele><time>2017-10-15T17:50:57Z</time></trkpt><trkpt lat="39.975333" lon="20.757521"><ele>1684.734</ele><time>2017-10-15T17:51:01Z</time></trkpt><trkpt lat="39.975337" lon="20.757460"><ele>1684.882</ele><time>2017-10-15T17:51:05Z</time></trkpt><trkpt lat="39.975317" lon="20.757398"><ele>1682.741</ele><time>2017-10-15T17:51:09Z</time></trkpt><trkpt lat="39.975296" lon="20.757337"><ele>1682.881</ele><time>2017-10-15T17:51:13Z</time></trkpt><trkpt lat="39.975282" lon="20.757276"><ele>1682.309</ele><time>2017-10-15T17:51:17Z</time></trkpt><trkpt lat="39.975269" lon="20.757219"><ele>1679.808</ele><time>2017-10-15T17:51:21Z</time></trkpt><trkpt lat="39.975244" lon="20.757165"><ele>1679.286</ele><time>2017-10-15T17:51:26Z</time></trkpt><trkpt lat="39.975232" lon="20.757107"><ele>1677.784</ele><time>2017-10-15T17:51:30Z</time></trkpt><trkpt lat="39.975224" lon="20.757048"><ele>1676.927</ele><time>2017-10-15T17:51:34Z</time></trkpt><trkpt lat="39.975204" lon="20.756992"><ele>1676.467</ele><time>2017-10-15T17:51:38Z</time></trkpt><trkpt lat="39.975180" lon="20.756932"><ele>1675.361</ele><time>2017-10-15T17:51:42Z</time></trkpt><trkpt lat="39.975159" lon="20.756869"><ele>1674.697</ele><time>2017-10-15T17:51:46Z</time></trkpt><trkpt lat="39.975146" lon="20.756811"><ele>1674.067</ele><time>2017-10-15T17:51:50Z</time></trkpt><trkpt lat="39.975128" lon="20.756756"><ele>1673.085</ele><time>2017-10-15T17:51:54Z</time></trkpt><trkpt lat="39.975110" lon="20.756694"><ele>1674.549</ele><time>2017-10-15T17:51:59Z</time></trkpt><trkpt lat="39.975089" lon="20.756628"><ele>1671.102</ele><time>2017-10-15T17:52:04Z</time></trkpt><trkpt lat="39.975062" lon="20.756577"><ele>1670.722</ele><time>2017-10-15T17:52:08Z</time></trkpt><trkpt lat="39.975044" lon="20.756521"><ele>1668.208</ele><time>2017-10-15T17:52:19Z</time></trkpt><trkpt lat="39.975029" lon="20.756454"><ele>1668.086</ele><time>2017-10-15T17:52:23Z</time></trkpt><trkpt lat="39.975021" lon="20.756392"><ele>1665.444</ele><time>2017-10-15T17:52:27Z</time></trkpt><trkpt lat="39.974998" lon="20.756335"><ele>1665.197</ele><time>2017-10-15T17:52:31Z</time></trkpt><trkpt lat="39.974980" lon="20.756278"><ele>1665.027</ele><time>2017-10-15T17:52:35Z</time></trkpt><trkpt lat="39.974955" lon="20.756210"><ele>1663.371</ele><time>2017-10-15T17:52:39Z</time></trkpt><trkpt lat="39.974927" lon="20.756143"><ele>1662.137</ele><time>2017-10-15T17:52:44Z</time></trkpt><trkpt lat="39.974903" lon="20.756089"><ele>1660.537</ele><time>2017-10-15T17:52:48Z</time></trkpt><trkpt lat="39.974886" lon="20.756027"><ele>1657.525</ele><time>2017-10-15T17:52:52Z</time></trkpt><trkpt lat="39.974868" lon="20.755973"><ele>1658.772</ele><time>2017-10-15T17:52:56Z</time></trkpt><trkpt lat="39.974853" lon="20.755913"><ele>1659.013</ele><time>2017-10-15T17:53:01Z</time></trkpt><trkpt lat="39.974829" lon="20.755847"><ele>1656.914</ele><time>2017-10-15T17:53:25Z</time></trkpt><trkpt lat="39.974804" lon="20.755798"><ele>1656.408</ele><time>2017-10-15T17:53:29Z</time></trkpt><trkpt lat="39.974781" lon="20.755739"><ele>1656.849</ele><time>2017-10-15T17:53:33Z</time></trkpt><trkpt lat="39.974748" lon="20.755681"><ele>1654.557</ele><time>2017-10-15T17:53:37Z</time></trkpt><trkpt lat="39.974737" lon="20.755617"><ele>1654.620</ele><time>2017-10-15T17:53:41Z</time></trkpt><trkpt lat="39.974702" lon="20.755561"><ele>1651.560</ele><time>2017-10-15T17:53:46Z</time></trkpt><trkpt lat="39.974722" lon="20.755499"><ele>1651.574</ele><time>2017-10-15T17:53:52Z</time></trkpt><trkpt lat="39.974737" lon="20.755441"><ele>1648.050</ele><time>2017-10-15T17:53:58Z</time></trkpt><trkpt lat="39.974703" lon="20.755400"><ele>1649.140</ele><time>2017-10-15T17:54:02Z</time></trkpt><trkpt lat="39.974701" lon="20.755341"><ele>1645.938</ele><time>2017-10-15T17:54:07Z</time></trkpt><trkpt lat="39.974749" lon="20.755363"><ele>1644.187</ele><time>2017-10-15T17:54:12Z</time></trkpt><trkpt lat="39.974796" lon="20.755348"><ele>1643.642</ele><time>2017-10-15T17:54:19Z</time></trkpt><trkpt lat="39.974777" lon="20.755294"><ele>1642.126</ele><time>2017-10-15T17:54:23Z</time></trkpt><trkpt lat="39.974759" lon="20.755239"><ele>1643.008</ele><time>2017-10-15T17:54:27Z</time></trkpt><trkpt lat="39.974721" lon="20.755194"><ele>1641.740</ele><time>2017-10-15T17:54:31Z</time></trkpt><trkpt lat="39.974743" lon="20.755141"><ele>1638.918</ele><time>2017-10-15T17:54:36Z</time></trkpt><trkpt lat="39.974786" lon="20.755168"><ele>1637.171</ele><time>2017-10-15T17:54:40Z</time></trkpt><trkpt lat="39.974835" lon="20.755204"><ele>1638.551</ele><time>2017-10-15T17:54:45Z</time></trkpt><trkpt lat="39.974885" lon="20.755200"><ele>1636.895</ele><time>2017-10-15T17:54:50Z</time></trkpt><trkpt lat="39.974913" lon="20.755152"><ele>1634.991</ele><time>2017-10-15T17:54:59Z</time></trkpt><trkpt lat="39.974967" lon="20.755140"><ele>1631.681</ele><time>2017-10-15T17:55:05Z</time></trkpt><trkpt lat="39.975011" lon="20.755161"><ele>1629.339</ele><time>2017-10-15T17:55:10Z</time></trkpt><trkpt lat="39.975048" lon="20.755205"><ele>1627.859</ele><time>2017-10-15T17:55:16Z</time></trkpt><trkpt lat="39.975101" lon="20.755193"><ele>1625.703</ele><time>2017-10-15T17:55:26Z</time></trkpt><trkpt lat="39.975147" lon="20.755192"><ele>1624.023</ele><time>2017-10-15T17:55:33Z</time></trkpt><trkpt lat="39.975195" lon="20.755175"><ele>1622.108</ele><time>2017-10-15T17:55:39Z</time></trkpt><trkpt lat="39.975240" lon="20.755164"><ele>1620.027</ele><time>2017-10-15T17:55:43Z</time></trkpt><trkpt lat="39.975281" lon="20.755133"><ele>1617.635</ele><time>2017-10-15T17:55:47Z</time></trkpt><trkpt lat="39.975337" lon="20.755132"><ele>1614.188</ele><time>2017-10-15T17:55:52Z</time></trkpt><trkpt lat="39.975370" lon="20.755077"><ele>1613.278</ele><time>2017-10-15T17:55:56Z</time></trkpt><trkpt lat="39.975388" lon="20.755019"><ele>1612.772</ele><time>2017-10-15T17:55:59Z</time></trkpt><trkpt lat="39.975416" lon="20.754966"><ele>1609.778</ele><time>2017-10-15T17:56:03Z</time></trkpt><trkpt lat="39.975442" lon="20.754904"><ele>1607.198</ele><time>2017-10-15T17:56:08Z</time></trkpt><trkpt lat="39.975430" lon="20.754834"><ele>1606.216</ele><time>2017-10-15T17:56:13Z</time></trkpt><trkpt lat="39.975385" lon="20.754788"><ele>1606.066</ele><time>2017-10-15T17:56:17Z</time></trkpt><trkpt lat="39.975356" lon="20.754739"><ele>1605.829</ele><time>2017-10-15T17:56:20Z</time></trkpt><trkpt lat="39.975339" lon="20.754667"><ele>1604.421</ele><time>2017-10-15T17:56:24Z</time></trkpt><trkpt lat="39.975336" lon="20.754608"><ele>1602.508</ele><time>2017-10-15T17:56:28Z</time></trkpt><trkpt lat="39.975372" lon="20.754569"><ele>1597.858</ele><time>2017-10-15T17:56:37Z</time></trkpt><trkpt lat="39.975419" lon="20.754581"><ele>1600.156</ele><time>2017-10-15T17:56:41Z</time></trkpt><trkpt lat="39.975448" lon="20.754534"><ele>1599.579</ele><time>2017-10-15T17:56:45Z</time></trkpt><trkpt lat="39.975466" lon="20.754477"><ele>1597.979</ele><time>2017-10-15T17:56:49Z</time></trkpt><trkpt lat="39.975515" lon="20.754445"><ele>1596.483</ele><time>2017-10-15T17:56:54Z</time></trkpt><trkpt lat="39.975564" lon="20.754475"><ele>1594.549</ele><time>2017-10-15T17:56:58Z</time></trkpt><trkpt lat="39.975613" lon="20.754480"><ele>1593.689</ele><time>2017-10-15T17:57:02Z</time></trkpt><trkpt lat="39.975619" lon="20.754417"><ele>1592.077</ele><time>2017-10-15T17:57:07Z</time></trkpt><trkpt lat="39.975623" lon="20.754354"><ele>1590.382</ele><time>2017-10-15T17:57:11Z</time></trkpt><trkpt lat="39.975662" lon="20.754321"><ele>1587.143</ele><time>2017-10-15T17:57:15Z</time></trkpt><trkpt lat="39.975679" lon="20.754249"><ele>1585.417</ele><time>2017-10-15T17:57:20Z</time></trkpt><trkpt lat="39.975676" lon="20.754178"><ele>1584.108</ele><time>2017-10-15T17:57:24Z</time></trkpt><trkpt lat="39.975715" lon="20.754140"><ele>1583.350</ele><time>2017-10-15T17:57:29Z</time></trkpt><trkpt lat="39.975746" lon="20.754087"><ele>1583.588</ele><time>2017-10-15T17:57:33Z</time></trkpt><trkpt lat="39.975715" lon="20.754029"><ele>1580.591</ele><time>2017-10-15T17:57:37Z</time></trkpt><trkpt lat="39.975682" lon="20.753978"><ele>1580.311</ele><time>2017-10-15T17:57:41Z</time></trkpt><trkpt lat="39.975662" lon="20.753925"><ele>1580.455</ele><time>2017-10-15T17:57:44Z</time></trkpt><trkpt lat="39.975627" lon="20.753882"><ele>1578.191</ele><time>2017-10-15T17:57:48Z</time></trkpt><trkpt lat="39.975583" lon="20.753838"><ele>1577.161</ele><time>2017-10-15T17:57:52Z</time></trkpt><trkpt lat="39.975539" lon="20.753789"><ele>1576.539</ele><time>2017-10-15T17:57:56Z</time></trkpt><trkpt lat="39.975510" lon="20.753726"><ele>1574.775</ele><time>2017-10-15T17:58:01Z</time></trkpt><trkpt lat="39.975469" lon="20.753683"><ele>1573.528</ele><time>2017-10-15T17:58:05Z</time></trkpt><trkpt lat="39.975421" lon="20.753648"><ele>1572.920</ele><time>2017-10-15T17:58:10Z</time></trkpt><trkpt lat="39.975375" lon="20.753641"><ele>1572.708</ele><time>2017-10-15T17:58:13Z</time></trkpt><trkpt lat="39.975341" lon="20.753602"><ele>1570.679</ele><time>2017-10-15T17:58:16Z</time></trkpt><trkpt lat="39.975325" lon="20.753547"><ele>1569.667</ele><time>2017-10-15T17:58:20Z</time></trkpt><trkpt lat="39.975319" lon="20.753487"><ele>1568.320</ele><time>2017-10-15T17:58:24Z</time></trkpt><trkpt lat="39.975284" lon="20.753433"><ele>1567.460</ele><time>2017-10-15T17:58:29Z</time></trkpt><trkpt lat="39.975237" lon="20.753411"><ele>1566.144</ele><time>2017-10-15T17:58:34Z</time></trkpt><trkpt lat="39.975192" lon="20.753383"><ele>1564.270</ele><time>2017-10-15T17:58:39Z</time></trkpt><trkpt lat="39.975214" lon="20.753330"><ele>1562.780</ele><time>2017-10-15T17:58:45Z</time></trkpt><trkpt lat="39.975260" lon="20.753320"><ele>1563.048</ele><time>2017-10-15T17:58:48Z</time></trkpt><trkpt lat="39.975312" lon="20.753318"><ele>1561.169</ele><time>2017-10-15T17:58:52Z</time></trkpt><trkpt lat="39.975363" lon="20.753306"><ele>1560.704</ele><time>2017-10-15T17:58:56Z</time></trkpt><trkpt lat="39.975409" lon="20.753345"><ele>1559.124</ele><time>2017-10-15T17:59:01Z</time></trkpt><trkpt lat="39.975468" lon="20.753339"><ele>1561.608</ele><time>2017-10-15T17:59:05Z</time></trkpt><trkpt lat="39.975516" lon="20.753343"><ele>1559.758</ele><time>2017-10-15T17:59:08Z</time></trkpt><trkpt lat="39.975570" lon="20.753341"><ele>1559.036</ele><time>2017-10-15T17:59:12Z</time></trkpt><trkpt lat="39.975617" lon="20.753343"><ele>1557.339</ele><time>2017-10-15T17:59:16Z</time></trkpt><trkpt lat="39.975666" lon="20.753354"><ele>1556.839</ele><time>2017-10-15T17:59:20Z</time></trkpt><trkpt lat="39.975715" lon="20.753350"><ele>1556.523</ele><time>2017-10-15T17:59:24Z</time></trkpt><trkpt lat="39.975723" lon="20.753291"><ele>1553.659</ele><time>2017-10-15T17:59:34Z</time></trkpt><trkpt lat="39.975755" lon="20.753244"><ele>1549.829</ele><time>2017-10-15T17:59:41Z</time></trkpt><trkpt lat="39.975736" lon="20.753185"><ele>1550.117</ele><time>2017-10-15T17:59:48Z</time></trkpt><trkpt lat="39.975734" lon="20.753125"><ele>1548.046</ele><time>2017-10-15T17:59:55Z</time></trkpt><trkpt lat="39.975729" lon="20.753062"><ele>1544.588</ele><time>2017-10-15T18:00:00Z</time></trkpt><trkpt lat="39.975763" lon="20.753021"><ele>1545.316</ele><time>2017-10-15T18:00:06Z</time></trkpt><trkpt lat="39.975802" lon="20.752987"><ele>1542.708</ele><time>2017-10-15T18:00:11Z</time></trkpt><trkpt lat="39.975838" lon="20.752944"><ele>1542.926</ele><time>2017-10-15T18:00:17Z</time></trkpt><trkpt lat="39.975821" lon="20.752888"><ele>1540.124</ele><time>2017-10-15T18:00:23Z</time></trkpt><trkpt lat="39.975787" lon="20.752840"><ele>1538.287</ele><time>2017-10-15T18:00:32Z</time></trkpt><trkpt lat="39.975748" lon="20.752790"><ele>1538.527</ele><time>2017-10-15T18:00:36Z</time></trkpt><trkpt lat="39.975699" lon="20.752763"><ele>1537.361</ele><time>2017-10-15T18:00:41Z</time></trkpt><trkpt lat="39.975662" lon="20.752721"><ele>1536.417</ele><time>2017-10-15T18:00:46Z</time></trkpt><trkpt lat="39.975624" lon="20.752682"><ele>1532.887</ele><time>2017-10-15T18:00:51Z</time></trkpt><trkpt lat="39.975612" lon="20.752624"><ele>1530.335</ele><time>2017-10-15T18:00:58Z</time></trkpt><trkpt lat="39.975613" lon="20.752565"><ele>1530.172</ele><time>2017-10-15T18:01:02Z</time></trkpt><trkpt lat="39.975639" lon="20.752513"><ele>1527.913</ele><time>2017-10-15T18:01:06Z</time></trkpt><trkpt lat="39.975658" lon="20.752449"><ele>1526.014</ele><time>2017-10-15T18:01:12Z</time></trkpt><trkpt lat="39.975676" lon="20.752393"><ele>1526.408</ele><time>2017-10-15T18:01:16Z</time></trkpt><trkpt lat="39.975686" lon="20.752335"><ele>1525.919</ele><time>2017-10-15T18:01:20Z</time></trkpt><trkpt lat="39.975695" lon="20.752277"><ele>1524.137</ele><time>2017-10-15T18:01:26Z</time></trkpt><trkpt lat="39.975655" lon="20.752245"><ele>1521.930</ele><time>2017-10-15T18:01:34Z</time></trkpt><trkpt lat="39.975632" lon="20.752189"><ele>1521.490</ele><time>2017-10-15T18:01:39Z</time></trkpt><trkpt lat="39.975585" lon="20.752155"><ele>1519.184</ele><time>2017-10-15T18:01:44Z</time></trkpt><trkpt lat="39.975577" lon="20.752096"><ele>1517.420</ele><time>2017-10-15T18:01:49Z</time></trkpt><trkpt lat="39.975598" lon="20.752041"><ele>1515.450</ele><time>2017-10-15T18:01:54Z</time></trkpt><trkpt lat="39.975576" lon="20.751983"><ele>1517.548</ele><time>2017-10-15T18:01:58Z</time></trkpt><trkpt lat="39.975524" lon="20.751982"><ele>1514.564</ele><time>2017-10-15T18:02:29Z</time></trkpt><trkpt lat="39.975517" lon="20.751920"><ele>1513.306</ele><time>2017-10-15T18:02:34Z</time></trkpt><trkpt lat="39.975544" lon="20.751856"><ele>1514.116</ele><time>2017-10-15T18:02:38Z</time></trkpt><trkpt lat="39.975542" lon="20.751793"><ele>1510.908</ele><time>2017-10-15T18:02:44Z</time></trkpt><trkpt lat="39.975533" lon="20.751720"><ele>1509.178</ele><time>2017-10-15T18:02:48Z</time></trkpt><trkpt lat="39.975518" lon="20.751657"><ele>1507.076</ele><time>2017-10-15T18:02:52Z</time></trkpt><trkpt lat="39.975486" lon="20.751601"><ele>1505.749</ele><time>2017-10-15T18:02:56Z</time></trkpt><trkpt lat="39.975472" lon="20.751536"><ele>1503.459</ele><time>2017-10-15T18:03:00Z</time></trkpt><trkpt lat="39.975440" lon="20.751491"><ele>1503.313</ele><time>2017-10-15T18:03:04Z</time></trkpt><trkpt lat="39.975415" lon="20.751431"><ele>1502.389</ele><time>2017-10-15T18:03:09Z</time></trkpt><trkpt lat="39.975371" lon="20.751396"><ele>1500.269</ele><time>2017-10-15T18:03:13Z</time></trkpt><trkpt lat="39.975339" lon="20.751342"><ele>1497.777</ele><time>2017-10-15T18:03:17Z</time></trkpt><trkpt lat="39.975343" lon="20.751272"><ele>1497.471</ele><time>2017-10-15T18:03:21Z</time></trkpt><trkpt lat="39.975341" lon="20.751196"><ele>1496.141</ele><time>2017-10-15T18:03:25Z</time></trkpt><trkpt lat="39.975331" lon="20.751128"><ele>1495.415</ele><time>2017-10-15T18:03:29Z</time></trkpt><trkpt lat="39.975306" lon="20.751071"><ele>1493.608</ele><time>2017-10-15T18:03:33Z</time></trkpt><trkpt lat="39.975261" lon="20.751015"><ele>1492.739</ele><time>2017-10-15T18:03:37Z</time></trkpt><trkpt lat="39.975232" lon="20.750965"><ele>1492.577</ele><time>2017-10-15T18:03:40Z</time></trkpt><trkpt lat="39.975205" lon="20.750912"><ele>1491.680</ele><time>2017-10-15T18:03:43Z</time></trkpt><trkpt lat="39.975171" lon="20.750866"><ele>1490.090</ele><time>2017-10-15T18:03:47Z</time></trkpt><trkpt lat="39.975141" lon="20.750799"><ele>1489.464</ele><time>2017-10-15T18:03:52Z</time></trkpt><trkpt lat="39.975119" lon="20.750728"><ele>1486.710</ele><time>2017-10-15T18:03:56Z</time></trkpt><trkpt lat="39.975088" lon="20.750684"><ele>1485.310</ele><time>2017-10-15T18:04:11Z</time></trkpt><trkpt lat="39.975074" lon="20.750617"><ele>1483.538</ele><time>2017-10-15T18:04:43Z</time></trkpt><trkpt lat="39.975026" lon="20.750569"><ele>1484.686</ele><time>2017-10-15T18:04:47Z</time></trkpt><trkpt lat="39.974980" lon="20.750520"><ele>1485.060</ele><time>2017-10-15T18:04:51Z</time></trkpt><trkpt lat="39.974949" lon="20.750474"><ele>1482.626</ele><time>2017-10-15T18:04:55Z</time></trkpt><trkpt lat="39.974926" lon="20.750409"><ele>1482.008</ele><time>2017-10-15T18:04:59Z</time></trkpt><trkpt lat="39.974894" lon="20.750353"><ele>1481.040</ele><time>2017-10-15T18:05:03Z</time></trkpt><trkpt lat="39.974890" lon="20.750284"><ele>1479.618</ele><time>2017-10-15T18:05:07Z</time></trkpt><trkpt lat="39.974896" lon="20.750222"><ele>1481.241</ele><time>2017-10-15T18:05:10Z</time></trkpt><trkpt lat="39.974889" lon="20.750156"><ele>1478.071</ele><time>2017-10-15T18:05:14Z</time></trkpt><trkpt lat="39.974861" lon="20.750096"><ele>1475.895</ele><time>2017-10-15T18:05:18Z</time></trkpt><trkpt lat="39.974837" lon="20.750035"><ele>1477.861</ele><time>2017-10-15T18:05:22Z</time></trkpt><trkpt lat="39.974803" lon="20.749986"><ele>1475.831</ele><time>2017-10-15T18:05:26Z</time></trkpt><trkpt lat="39.974789" lon="20.749917"><ele>1475.569</ele><time>2017-10-15T18:05:31Z</time></trkpt><trkpt lat="39.974748" lon="20.749864"><ele>1473.026</ele><time>2017-10-15T18:05:36Z</time></trkpt><trkpt lat="39.974710" lon="20.749805"><ele>1472.947</ele><time>2017-10-15T18:05:41Z</time></trkpt><trkpt lat="39.974682" lon="20.749749"><ele>1471.411</ele><time>2017-10-15T18:05:45Z</time></trkpt><trkpt lat="39.974651" lon="20.749703"><ele>1468.808</ele><time>2017-10-15T18:05:48Z</time></trkpt><trkpt lat="39.974643" lon="20.749641"><ele>1469.364</ele><time>2017-10-15T18:05:54Z</time></trkpt><trkpt lat="39.974616" lon="20.749585"><ele>1466.562</ele><time>2017-10-15T18:05:59Z</time></trkpt><trkpt lat="39.974602" lon="20.749526"><ele>1466.645</ele><time>2017-10-15T18:06:03Z</time></trkpt><trkpt lat="39.974571" lon="20.749462"><ele>1465.325</ele><time>2017-10-15T18:06:07Z</time></trkpt><trkpt lat="39.974546" lon="20.749409"><ele>1463.089</ele><time>2017-10-15T18:06:11Z</time></trkpt><trkpt lat="39.974499" lon="20.749375"><ele>1463.475</ele><time>2017-10-15T18:06:15Z</time></trkpt><trkpt lat="39.974455" lon="20.749326"><ele>1462.675</ele><time>2017-10-15T18:06:20Z</time></trkpt><trkpt lat="39.974455" lon="20.749265"><ele>1460.553</ele><time>2017-10-15T18:06:26Z</time></trkpt><trkpt lat="39.974430" lon="20.749202"><ele>1461.133</ele><time>2017-10-15T18:06:31Z</time></trkpt><trkpt lat="39.974452" lon="20.749140"><ele>1460.223</ele><time>2017-10-15T18:06:36Z</time></trkpt><trkpt lat="39.974448" lon="20.749076"><ele>1457.415</ele><time>2017-10-15T18:06:40Z</time></trkpt><trkpt lat="39.974430" lon="20.749020"><ele>1457.108</ele><time>2017-10-15T18:06:43Z</time></trkpt><trkpt lat="39.974401" lon="20.748961"><ele>1453.835</ele><time>2017-10-15T18:06:47Z</time></trkpt><trkpt lat="39.974374" lon="20.748909"><ele>1453.833</ele><time>2017-10-15T18:06:50Z</time></trkpt><trkpt lat="39.974346" lon="20.748856"><ele>1453.286</ele><time>2017-10-15T18:06:53Z</time></trkpt><trkpt lat="39.974318" lon="20.748785"><ele>1454.546</ele><time>2017-10-15T18:06:57Z</time></trkpt><trkpt lat="39.974300" lon="20.748724"><ele>1452.490</ele><time>2017-10-15T18:07:01Z</time></trkpt><trkpt lat="39.974264" lon="20.748687"><ele>1453.446</ele><time>2017-10-15T18:07:04Z</time></trkpt><trkpt lat="39.974217" lon="20.748679"><ele>1451.916</ele><time>2017-10-15T18:07:07Z</time></trkpt><trkpt lat="39.974184" lon="20.748636"><ele>1450.774</ele><time>2017-10-15T18:07:10Z</time></trkpt><trkpt lat="39.974138" lon="20.748599"><ele>1450.279</ele><time>2017-10-15T18:07:14Z</time></trkpt><trkpt lat="39.974142" lon="20.748522"><ele>1447.905</ele><time>2017-10-15T18:07:18Z</time></trkpt><trkpt lat="39.974167" lon="20.748467"><ele>1446.025</ele><time>2017-10-15T18:07:22Z</time></trkpt><trkpt lat="39.974178" lon="20.748400"><ele>1444.308</ele><time>2017-10-15T18:07:27Z</time></trkpt><trkpt lat="39.974199" lon="20.748344"><ele>1441.069</ele><time>2017-10-15T18:07:32Z</time></trkpt><trkpt lat="39.974239" lon="20.748311"><ele>1441.157</ele><time>2017-10-15T18:07:36Z</time></trkpt><trkpt lat="39.974216" lon="20.748250"><ele>1439.410</ele><time>2017-10-15T18:07:41Z</time></trkpt><trkpt lat="39.974219" lon="20.748182"><ele>1438.680</ele><time>2017-10-15T18:07:46Z</time></trkpt><trkpt lat="39.974235" lon="20.748119"><ele>1435.454</ele><time>2017-10-15T18:07:51Z</time></trkpt><trkpt lat="39.974203" lon="20.748071"><ele>1435.280</ele><time>2017-10-15T18:07:55Z</time></trkpt><trkpt lat="39.974244" lon="20.748029"><ele>1433.340</ele><time>2017-10-15T18:08:00Z</time></trkpt><trkpt lat="39.974273" lon="20.747982"><ele>1432.058</ele><time>2017-10-15T18:08:03Z</time></trkpt><trkpt lat="39.974282" lon="20.747916"><ele>1430.366</ele><time>2017-10-15T18:08:06Z</time></trkpt><trkpt lat="39.974253" lon="20.747869"><ele>1429.029</ele><time>2017-10-15T18:08:09Z</time></trkpt><trkpt lat="39.974197" lon="20.747848"><ele>1428.221</ele><time>2017-10-15T18:08:13Z</time></trkpt><trkpt lat="39.974189" lon="20.747785"><ele>1424.608</ele><time>2017-10-15T18:08:20Z</time></trkpt><trkpt lat="39.974199" lon="20.747717"><ele>1425.568</ele><time>2017-10-15T18:08:24Z</time></trkpt><trkpt lat="39.974236" lon="20.747684"><ele>1423.976</ele><time>2017-10-15T18:08:27Z</time></trkpt><trkpt lat="39.974284" lon="20.747651"><ele>1423.399</ele><time>2017-10-15T18:08:31Z</time></trkpt><trkpt lat="39.974229" lon="20.747623"><ele>1421.699</ele><time>2017-10-15T18:08:36Z</time></trkpt><trkpt lat="39.974186" lon="20.747587"><ele>1421.873</ele><time>2017-10-15T18:08:39Z</time></trkpt><trkpt lat="39.974130" lon="20.747588"><ele>1421.579</ele><time>2017-10-15T18:08:43Z</time></trkpt><trkpt lat="39.974132" lon="20.747523"><ele>1418.459</ele><time>2017-10-15T18:08:48Z</time></trkpt><trkpt lat="39.974127" lon="20.747464"><ele>1416.717</ele><time>2017-10-15T18:08:54Z</time></trkpt><trkpt lat="39.974137" lon="20.747398"><ele>1416.047</ele><time>2017-10-15T18:08:58Z</time></trkpt><trkpt lat="39.974099" lon="20.747351"><ele>1413.729</ele><time>2017-10-15T18:09:02Z</time></trkpt><trkpt lat="39.974066" lon="20.747299"><ele>1413.521</ele><time>2017-10-15T18:09:05Z</time></trkpt><trkpt lat="39.974034" lon="20.747239"><ele>1411.908</ele><time>2017-10-15T18:09:09Z</time></trkpt><trkpt lat="39.974017" lon="20.747172"><ele>1411.926</ele><time>2017-10-15T18:09:13Z</time></trkpt><trkpt lat="39.974023" lon="20.747106"><ele>1408.424</ele><time>2017-10-15T18:09:18Z</time></trkpt><trkpt lat="39.974001" lon="20.747039"><ele>1404.947</ele><time>2017-10-15T18:09:23Z</time></trkpt><trkpt lat="39.973969" lon="20.746994"><ele>1405.237</ele><time>2017-10-15T18:09:26Z</time></trkpt><trkpt lat="39.973949" lon="20.746934"><ele>1404.391</ele><time>2017-10-15T18:09:30Z</time></trkpt><trkpt lat="39.973928" lon="20.746874"><ele>1403.167</ele><time>2017-10-15T18:09:35Z</time></trkpt><trkpt lat="39.973899" lon="20.746828"><ele>1400.837</ele><time>2017-10-15T18:09:38Z</time></trkpt><trkpt lat="39.973867" lon="20.746771"><ele>1401.715</ele><time>2017-10-15T18:09:41Z</time></trkpt><trkpt lat="39.973857" lon="20.746711"><ele>1399.651</ele><time>2017-10-15T18:09:44Z</time></trkpt><trkpt lat="39.973839" lon="20.746654"><ele>1399.001</ele><time>2017-10-15T18:09:47Z</time></trkpt><trkpt lat="39.973825" lon="20.746598"><ele>1398.411</ele><time>2017-10-15T18:09:51Z</time></trkpt><trkpt lat="39.973842" lon="20.746539"><ele>1397.908</ele><time>2017-10-15T18:09:57Z</time></trkpt><trkpt lat="39.973857" lon="20.746476"><ele>1393.197</ele><time>2017-10-15T18:10:01Z</time></trkpt><trkpt lat="39.973877" lon="20.746411"><ele>1393.725</ele><time>2017-10-15T18:10:09Z</time></trkpt><trkpt lat="39.973872" lon="20.746342"><ele>1391.878</ele><time>2017-10-15T18:10:13Z</time></trkpt><trkpt lat="39.973874" lon="20.746276"><ele>1388.548</ele><time>2017-10-15T18:10:18Z</time></trkpt><trkpt lat="39.973862" lon="20.746215"><ele>1384.972</ele><time>2017-10-15T18:10:22Z</time></trkpt><trkpt lat="39.973835" lon="20.746164"><ele>1386.478</ele><time>2017-10-15T18:10:25Z</time></trkpt><trkpt lat="39.973805" lon="20.746106"><ele>1386.228</ele><time>2017-10-15T18:10:29Z</time></trkpt><trkpt lat="39.973788" lon="20.746043"><ele>1385.586</ele><time>2017-10-15T18:10:33Z</time></trkpt><trkpt lat="39.973758" lon="20.745972"><ele>1382.113</ele><time>2017-10-15T18:10:37Z</time></trkpt><trkpt lat="39.973745" lon="20.745899"><ele>1381.843</ele><time>2017-10-15T18:10:41Z</time></trkpt><trkpt lat="39.973726" lon="20.745829"><ele>1382.207</ele><time>2017-10-15T18:10:45Z</time></trkpt><trkpt lat="39.973710" lon="20.745749"><ele>1380.708</ele><time>2017-10-15T18:10:49Z</time></trkpt><trkpt lat="39.973686" lon="20.745697"><ele>1381.763</ele><time>2017-10-15T18:10:52Z</time></trkpt><trkpt lat="39.973691" lon="20.745625"><ele>1378.911</ele><time>2017-10-15T18:10:57Z</time></trkpt><trkpt lat="39.973703" lon="20.745564"><ele>1377.194</ele><time>2017-10-15T18:11:01Z</time></trkpt><trkpt lat="39.973682" lon="20.745497"><ele>1378.954</ele><time>2017-10-15T18:11:05Z</time></trkpt><trkpt lat="39.973683" lon="20.745432"><ele>1375.998</ele><time>2017-10-15T18:11:10Z</time></trkpt><trkpt lat="39.973659" lon="20.745379"><ele>1374.034</ele><time>2017-10-15T18:11:15Z</time></trkpt><trkpt lat="39.973709" lon="20.745349"><ele>1371.924</ele><time>2017-10-15T18:11:20Z</time></trkpt><trkpt lat="39.973737" lon="20.745295"><ele>1368.952</ele><time>2017-10-15T18:11:26Z</time></trkpt><trkpt lat="39.973704" lon="20.745235"><ele>1369.914</ele><time>2017-10-15T18:11:31Z</time></trkpt><trkpt lat="39.973757" lon="20.745211"><ele>1367.554</ele><time>2017-10-15T18:11:38Z</time></trkpt><trkpt lat="39.973757" lon="20.745151"><ele>1366.409</ele><time>2017-10-15T18:11:43Z</time></trkpt><trkpt lat="39.973719" lon="20.745113"><ele>1365.708</ele><time>2017-10-15T18:11:47Z</time></trkpt><trkpt lat="39.973683" lon="20.745067"><ele>1362.713</ele><time>2017-10-15T18:11:52Z</time></trkpt><trkpt lat="39.973651" lon="20.745022"><ele>1363.741</ele><time>2017-10-15T18:11:57Z</time></trkpt><trkpt lat="39.973602" lon="20.744986"><ele>1361.094</ele><time>2017-10-15T18:12:02Z</time></trkpt><trkpt lat="39.973552" lon="20.744976"><ele>1359.984</ele><time>2017-10-15T18:12:07Z</time></trkpt><trkpt lat="39.973512" lon="20.744937"><ele>1359.658</ele><time>2017-10-15T18:12:13Z</time></trkpt><trkpt lat="39.973477" lon="20.744887"><ele>1355.214</ele><time>2017-10-15T18:12:18Z</time></trkpt><trkpt lat="39.973453" lon="20.744835"><ele>1355.324</ele><time>2017-10-15T18:12:24Z</time></trkpt><trkpt lat="39.973448" lon="20.744773"><ele>1353.962</ele><time>2017-10-15T18:12:29Z</time></trkpt><trkpt lat="39.973435" lon="20.744706"><ele>1350.633</ele><time>2017-10-15T18:12:33Z</time></trkpt><trkpt lat="39.973402" lon="20.744646"><ele>1352.323</ele><time>2017-10-15T18:12:37Z</time></trkpt><trkpt lat="39.973385" lon="20.744588"><ele>1351.015</ele><time>2017-10-15T18:12:41Z</time></trkpt><trkpt lat="39.973391" lon="20.744515"><ele>1351.208</ele><time>2017-10-15T18:12:46Z</time></trkpt><trkpt lat="39.973402" lon="20.744455"><ele>1346.285</ele><time>2017-10-15T18:12:50Z</time></trkpt><trkpt lat="39.973436" lon="20.744408"><ele>1346.773</ele><time>2017-10-15T18:12:56Z</time></trkpt><trkpt lat="39.973429" lon="20.744348"><ele>1343.746</ele><time>2017-10-15T18:13:00Z</time></trkpt><trkpt lat="39.973427" lon="20.744282"><ele>1342.356</ele><time>2017-10-15T18:13:05Z</time></trkpt><trkpt lat="39.973411" lon="20.744214"><ele>1340.610</ele><time>2017-10-15T18:13:12Z</time></trkpt><trkpt lat="39.973390" lon="20.744150"><ele>1339.216</ele><time>2017-10-15T18:13:17Z</time></trkpt><trkpt lat="39.973360" lon="20.744103"><ele>1338.156</ele><time>2017-10-15T18:13:21Z</time></trkpt><trkpt lat="39.973342" lon="20.744048"><ele>1337.734</ele><time>2017-10-15T18:13:28Z</time></trkpt><trkpt lat="39.973364" lon="20.743996"><ele>1336.035</ele><time>2017-10-15T18:13:36Z</time></trkpt><trkpt lat="39.973411" lon="20.743978"><ele>1333.686</ele><time>2017-10-15T18:13:42Z</time></trkpt><trkpt lat="39.973449" lon="20.743945"><ele>1331.714</ele><time>2017-10-15T18:13:47Z</time></trkpt><trkpt lat="39.973428" lon="20.743885"><ele>1329.408</ele><time>2017-10-15T18:13:53Z</time></trkpt><trkpt lat="39.973442" lon="20.743823"><ele>1325.295</ele><time>2017-10-15T18:13:59Z</time></trkpt><trkpt lat="39.973448" lon="20.743754"><ele>1327.033</ele><time>2017-10-15T18:14:05Z</time></trkpt><trkpt lat="39.973450" lon="20.743693"><ele>1325.036</ele><time>2017-10-15T18:14:11Z</time></trkpt><trkpt lat="39.973444" lon="20.743624"><ele>1325.136</ele><time>2017-10-15T18:14:15Z</time></trkpt><trkpt lat="39.973426" lon="20.743564"><ele>1323.440</ele><time>2017-10-15T18:14:18Z</time></trkpt><trkpt lat="39.973418" lon="20.743500"><ele>1325.346</ele><time>2017-10-15T18:14:21Z</time></trkpt><trkpt lat="39.973409" lon="20.743437"><ele>1321.666</ele><time>2017-10-15T18:14:24Z</time></trkpt><trkpt lat="39.973369" lon="20.743395"><ele>1320.884</ele><time>2017-10-15T18:14:27Z</time></trkpt><trkpt lat="39.973331" lon="20.743362"><ele>1320.784</ele><time>2017-10-15T18:14:30Z</time></trkpt><trkpt lat="39.973305" lon="20.743314"><ele>1321.707</ele><time>2017-10-15T18:14:33Z</time></trkpt><trkpt lat="39.973272" lon="20.743274"><ele>1320.917</ele><time>2017-10-15T18:14:36Z</time></trkpt><trkpt lat="39.973229" lon="20.743249"><ele>1320.708</ele><time>2017-10-15T18:14:39Z</time></trkpt><trkpt lat="39.973179" lon="20.743208"><ele>1321.540</ele><time>2017-10-15T18:14:43Z</time></trkpt><trkpt lat="39.973135" lon="20.743179"><ele>1321.858</ele><time>2017-10-15T18:14:46Z</time></trkpt><trkpt lat="39.973089" lon="20.743143"><ele>1319.671</ele><time>2017-10-15T18:14:49Z</time></trkpt><trkpt lat="39.973049" lon="20.743104"><ele>1321.671</ele><time>2017-10-15T18:14:52Z</time></trkpt><trkpt lat="39.973014" lon="20.743065"><ele>1320.485</ele><time>2017-10-15T18:14:56Z</time></trkpt><trkpt lat="39.973022" lon="20.743002"><ele>1319.491</ele><time>2017-10-15T18:15:00Z</time></trkpt><trkpt lat="39.973016" lon="20.742938"><ele>1318.611</ele><time>2017-10-15T18:15:04Z</time></trkpt><trkpt lat="39.973031" lon="20.742871"><ele>1317.399</ele><time>2017-10-15T18:15:08Z</time></trkpt><trkpt lat="39.973035" lon="20.742805"><ele>1316.578</ele><time>2017-10-15T18:15:12Z</time></trkpt><trkpt lat="39.973055" lon="20.742746"><ele>1314.133</ele><time>2017-10-15T18:15:16Z</time></trkpt><trkpt lat="39.973072" lon="20.742689"><ele>1314.026</ele><time>2017-10-15T18:15:20Z</time></trkpt><trkpt lat="39.973079" lon="20.742621"><ele>1311.908</ele><time>2017-10-15T18:15:24Z</time></trkpt><trkpt lat="39.973081" lon="20.742555"><ele>1311.729</ele><time>2017-10-15T18:15:28Z</time></trkpt><trkpt lat="39.973071" lon="20.742495"><ele>1309.117</ele><time>2017-10-15T18:15:32Z</time></trkpt><trkpt lat="39.973053" lon="20.742439"><ele>1310.040</ele><time>2017-10-15T18:15:37Z</time></trkpt><trkpt lat="39.973048" lon="20.742374"><ele>1306.560</ele><time>2017-10-15T18:15:42Z</time></trkpt><trkpt lat="39.973035" lon="20.742309"><ele>1306.784</ele><time>2017-10-15T18:15:47Z</time></trkpt><trkpt lat="39.973020" lon="20.742240"><ele>1305.960</ele><time>2017-10-15T18:15:52Z</time></trkpt><trkpt lat="39.973022" lon="20.742179"><ele>1305.470</ele><time>2017-10-15T18:15:55Z</time></trkpt><trkpt lat="39.973029" lon="20.742108"><ele>1301.938</ele><time>2017-10-15T18:16:00Z</time></trkpt><trkpt lat="39.973020" lon="20.742050"><ele>1304.447</ele><time>2017-10-15T18:16:03Z</time></trkpt><trkpt lat="39.973013" lon="20.741990"><ele>1303.529</ele><time>2017-10-15T18:16:06Z</time></trkpt><trkpt lat="39.973022" lon="20.741928"><ele>1301.921</ele><time>2017-10-15T18:16:10Z</time></trkpt><trkpt lat="39.973025" lon="20.741863"><ele>1300.708</ele><time>2017-10-15T18:16:14Z</time></trkpt><trkpt lat="39.973026" lon="20.741797"><ele>1299.916</ele><time>2017-10-15T18:16:18Z</time></trkpt><trkpt lat="39.973025" lon="20.741728"><ele>1296.554</ele><time>2017-10-15T18:16:22Z</time></trkpt><trkpt lat="39.973019" lon="20.741666"><ele>1297.427</ele><time>2017-10-15T18:16:26Z</time></trkpt><trkpt lat="39.973001" lon="20.741605"><ele>1296.817</ele><time>2017-10-15T18:16:29Z</time></trkpt><trkpt lat="39.972984" lon="20.741528"><ele>1296.431</ele><time>2017-10-15T18:16:33Z</time></trkpt><trkpt lat="39.972967" lon="20.741459"><ele>1296.027</ele><time>2017-10-15T18:16:37Z</time></trkpt><trkpt lat="39.972967" lon="20.741395"><ele>1294.977</ele><time>2017-10-15T18:16:41Z</time></trkpt><trkpt lat="39.972959" lon="20.741337"><ele>1292.975</ele><time>2017-10-15T18:16:45Z</time></trkpt><trkpt lat="39.972981" lon="20.741272"><ele>1290.936</ele><time>2017-10-15T18:16:51Z</time></trkpt><trkpt lat="39.972982" lon="20.741197"><ele>1293.017</ele><time>2017-10-15T18:16:57Z</time></trkpt><trkpt lat="39.972984" lon="20.741137"><ele>1289.918</ele><time>2017-10-15T18:17:01Z</time></trkpt><trkpt lat="39.973000" lon="20.741074"><ele>1288.008</ele><time>2017-10-15T18:17:06Z</time></trkpt><trkpt lat="39.973017" lon="20.741010"><ele>1284.825</ele><time>2017-10-15T18:17:11Z</time></trkpt><trkpt lat="39.973022" lon="20.740945"><ele>1284.593</ele><time>2017-10-15T18:17:15Z</time></trkpt><trkpt lat="39.972992" lon="20.740895"><ele>1284.576</ele><time>2017-10-15T18:17:20Z</time></trkpt><trkpt lat="39.972977" lon="20.740837"><ele>1283.576</ele><time>2017-10-15T18:17:25Z</time></trkpt><trkpt lat="39.972952" lon="20.740777"><ele>1281.450</ele><time>2017-10-15T18:17:30Z</time></trkpt><trkpt lat="39.972912" lon="20.740730"><ele>1279.226</ele><time>2017-10-15T18:17:36Z</time></trkpt><trkpt lat="39.972863" lon="20.740706"><ele>1278.516</ele><time>2017-10-15T18:17:40Z</time></trkpt><trkpt lat="39.972820" lon="20.740674"><ele>1278.664</ele><time>2017-10-15T18:17:44Z</time></trkpt><trkpt lat="39.972769" lon="20.740668"><ele>1277.367</ele><time>2017-10-15T18:17:48Z</time></trkpt><trkpt lat="39.972716" lon="20.740659"><ele>1276.081</ele><time>2017-10-15T18:17:52Z</time></trkpt><trkpt lat="39.972663" lon="20.740654"><ele>1274.219</ele><time>2017-10-15T18:17:56Z</time></trkpt><trkpt lat="39.972614" lon="20.740652"><ele>1273.608</ele><time>2017-10-15T18:18:00Z</time></trkpt><trkpt lat="39.972567" lon="20.740638"><ele>1273.518</ele><time>2017-10-15T18:18:04Z</time></trkpt><trkpt lat="39.972518" lon="20.740649"><ele>1272.766</ele><time>2017-10-15T18:18:08Z</time></trkpt><trkpt lat="39.972459" lon="20.740649"><ele>1271.399</ele><time>2017-10-15T18:18:12Z</time></trkpt><trkpt lat="39.972405" lon="20.740638"><ele>1270.999</ele><time>2017-10-15T18:18:15Z</time></trkpt><trkpt lat="39.972343" lon="20.740647"><ele>1270.853</ele><time>2017-10-15T18:18:20Z</time></trkpt><trkpt lat="39.972299" lon="20.740629"><ele>1270.489</ele><time>2017-10-15T18:18:23Z</time></trkpt><trkpt lat="39.972256" lon="20.740612"><ele>1269.249</ele><time>2017-10-15T18:18:26Z</time></trkpt><trkpt lat="39.972211" lon="20.740603"><ele>1269.367</ele><time>2017-10-15T18:18:29Z</time></trkpt><trkpt lat="39.972163" lon="20.740599"><ele>1268.433</ele><time>2017-10-15T18:18:33Z</time></trkpt><trkpt lat="39.972111" lon="20.740605"><ele>1268.223</ele><time>2017-10-15T18:18:37Z</time></trkpt><trkpt lat="39.972066" lon="20.740590"><ele>1266.015</ele><time>2017-10-15T18:18:42Z</time></trkpt><trkpt lat="39.972016" lon="20.740571"><ele>1265.508</ele><time>2017-10-15T18:18:46Z</time></trkpt><trkpt lat="39.971968" lon="20.740570"><ele>1265.895</ele><time>2017-10-15T18:18:49Z</time></trkpt><trkpt lat="39.971911" lon="20.740536"><ele>1265.483</ele><time>2017-10-15T18:18:53Z</time></trkpt><trkpt lat="39.971899" lon="20.740479"><ele>1263.926</ele><time>2017-10-15T18:18:59Z</time></trkpt><trkpt lat="39.971954" lon="20.740482"><ele>1262.296</ele><time>2017-10-15T18:19:05Z</time></trkpt><trkpt lat="39.972005" lon="20.740459"><ele>1260.960</ele><time>2017-10-15T18:19:10Z</time></trkpt><trkpt lat="39.972023" lon="20.740391"><ele>1256.996</ele><time>2017-10-15T18:19:15Z</time></trkpt><trkpt lat="39.972043" lon="20.740329"><ele>1255.766</ele><time>2017-10-15T18:19:20Z</time></trkpt><trkpt lat="39.972035" lon="20.740268"><ele>1254.414</ele><time>2017-10-15T18:19:26Z</time></trkpt><trkpt lat="39.972029" lon="20.740202"><ele>1253.144</ele><time>2017-10-15T18:19:32Z</time></trkpt><trkpt lat="39.972070" lon="20.740160"><ele>1251.405</ele><time>2017-10-15T18:19:38Z</time></trkpt><trkpt lat="39.972124" lon="20.740143"><ele>1249.015</ele><time>2017-10-15T18:19:43Z</time></trkpt><trkpt lat="39.972171" lon="20.740130"><ele>1249.008</ele><time>2017-10-15T18:19:48Z</time></trkpt><trkpt lat="39.972226" lon="20.740116"><ele>1246.716</ele><time>2017-10-15T18:19:52Z</time></trkpt><trkpt lat="39.972245" lon="20.740061"><ele>1244.284</ele><time>2017-10-15T18:20:01Z</time></trkpt><trkpt lat="39.972204" lon="20.740006"><ele>1243.787</ele><time>2017-10-15T18:20:07Z</time></trkpt><trkpt lat="39.972159" lon="20.739963"><ele>1243.057</ele><time>2017-10-15T18:20:11Z</time></trkpt><trkpt lat="39.972109" lon="20.739925"><ele>1242.531</ele><time>2017-10-15T18:20:15Z</time></trkpt><trkpt lat="39.972075" lon="20.739875"><ele>1243.257</ele><time>2017-10-15T18:20:19Z</time></trkpt><trkpt lat="39.972091" lon="20.739816"><ele>1239.077</ele><time>2017-10-15T18:20:27Z</time></trkpt><trkpt lat="39.972137" lon="20.739786"><ele>1237.065</ele><time>2017-10-15T18:20:33Z</time></trkpt><trkpt lat="39.972182" lon="20.739747"><ele>1234.668</ele><time>2017-10-15T18:20:38Z</time></trkpt><trkpt lat="39.972214" lon="20.739703"><ele>1233.342</ele><time>2017-10-15T18:20:42Z</time></trkpt><trkpt lat="39.972239" lon="20.739654"><ele>1231.126</ele><time>2017-10-15T18:20:47Z</time></trkpt><trkpt lat="39.972250" lon="20.739590"><ele>1229.308</ele><time>2017-10-15T18:20:52Z</time></trkpt><trkpt lat="39.972279" lon="20.739541"><ele>1228.498</ele><time>2017-10-15T18:20:56Z</time></trkpt><trkpt lat="39.972253" lon="20.739487"><ele>1225.676</ele><time>2017-10-15T18:21:01Z</time></trkpt><trkpt lat="39.972233" lon="20.739433"><ele>1225.329</ele><time>2017-10-15T18:21:05Z</time></trkpt><trkpt lat="39.972243" lon="20.739373"><ele>1224.399</ele><time>2017-10-15T18:21:08Z</time></trkpt><trkpt lat="39.972227" lon="20.739307"><ele>1225.893</ele><time>2017-10-15T18:21:11Z</time></trkpt><trkpt lat="39.972205" lon="20.739248"><ele>1224.179</ele><time>2017-10-15T18:21:15Z</time></trkpt><trkpt lat="39.972171" lon="20.739187"><ele>1223.799</ele><time>2017-10-15T18:21:19Z</time></trkpt><trkpt lat="39.972161" lon="20.739117"><ele>1220.957</ele><time>2017-10-15T18:21:23Z</time></trkpt><trkpt lat="39.972143" lon="20.739058"><ele>1221.015</ele><time>2017-10-15T18:21:27Z</time></trkpt><trkpt lat="39.972122" lon="20.738996"><ele>1219.465</ele><time>2017-10-15T18:21:31Z</time></trkpt><trkpt lat="39.972099" lon="20.738930"><ele>1218.311</ele><time>2017-10-15T18:21:36Z</time></trkpt><trkpt lat="39.972135" lon="20.738885"><ele>1215.308</ele><time>2017-10-15T18:21:41Z</time></trkpt><trkpt lat="39.972146" lon="20.738823"><ele>1214.543</ele><time>2017-10-15T18:21:45Z</time></trkpt><trkpt lat="39.972159" lon="20.738765"><ele>1213.721</ele><time>2017-10-15T18:21:51Z</time></trkpt><trkpt lat="39.972119" lon="20.738727"><ele>1212.824</ele><time>2017-10-15T18:22:05Z</time></trkpt><trkpt lat="39.972077" lon="20.738683"><ele>1211.814</ele><time>2017-10-15T18:22:11Z</time></trkpt><trkpt lat="39.972038" lon="20.738653"><ele>1210.748</ele><time>2017-10-15T18:22:14Z</time></trkpt><trkpt lat="39.971994" lon="20.738619"><ele>1210.234</ele><time>2017-10-15T18:22:17Z</time></trkpt><trkpt lat="39.971958" lon="20.738568"><ele>1209.824</ele><time>2017-10-15T18:22:23Z</time></trkpt><trkpt lat="39.971907" lon="20.738545"><ele>1208.182</ele><time>2017-10-15T18:22:27Z</time></trkpt><trkpt lat="39.971878" lon="20.738475"><ele>1208.634</ele><time>2017-10-15T18:22:32Z</time></trkpt><trkpt lat="39.971853" lon="20.738415"><ele>1206.055</ele><time>2017-10-15T18:22:36Z</time></trkpt><trkpt lat="39.971850" lon="20.738349"><ele>1205.410</ele><time>2017-10-15T18:22:40Z</time></trkpt><trkpt lat="39.971827" lon="20.738285"><ele>1206.008</ele><time>2017-10-15T18:22:45Z</time></trkpt><trkpt lat="39.971783" lon="20.738247"><ele>1204.885</ele><time>2017-10-15T18:22:49Z</time></trkpt><trkpt lat="39.971735" lon="20.738220"><ele>1203.683</ele><time>2017-10-15T18:22:53Z</time></trkpt><trkpt lat="39.971702" lon="20.738164"><ele>1201.956</ele><time>2017-10-15T18:22:57Z</time></trkpt><trkpt lat="39.971689" lon="20.738094"><ele>1202.516</ele><time>2017-10-15T18:23:02Z</time></trkpt><trkpt lat="39.971646" lon="20.738032"><ele>1201.380</ele><time>2017-10-15T18:23:07Z</time></trkpt><trkpt lat="39.971605" lon="20.737980"><ele>1201.466</ele><time>2017-10-15T18:23:10Z</time></trkpt><trkpt lat="39.971567" lon="20.737930"><ele>1200.146</ele><time>2017-10-15T18:23:15Z</time></trkpt><trkpt lat="39.971531" lon="20.737893"><ele>1199.344</ele><time>2017-10-15T18:23:18Z</time></trkpt><trkpt lat="39.971504" lon="20.737840"><ele>1200.495</ele><time>2017-10-15T18:23:21Z</time></trkpt><trkpt lat="39.971463" lon="20.737814"><ele>1200.149</ele><time>2017-10-15T18:23:24Z</time></trkpt><trkpt lat="39.971416" lon="20.737765"><ele>1198.523</ele><time>2017-10-15T18:23:35Z</time></trkpt><trkpt lat="39.971372" lon="20.737723"><ele>1197.308</ele><time>2017-10-15T18:23:39Z</time></trkpt><trkpt lat="39.971333" lon="20.737673"><ele>1195.261</ele><time>2017-10-15T18:23:42Z</time></trkpt><trkpt lat="39.971291" lon="20.737629"><ele>1196.159</ele><time>2017-10-15T18:23:46Z</time></trkpt><trkpt lat="39.971250" lon="20.737574"><ele>1196.322</ele><time>2017-10-15T18:23:50Z</time></trkpt><trkpt lat="39.971204" lon="20.737529"><ele>1193.392</ele><time>2017-10-15T18:23:55Z</time></trkpt><trkpt lat="39.971169" lon="20.737467"><ele>1194.386</ele><time>2017-10-15T18:23:59Z</time></trkpt><trkpt lat="39.971134" lon="20.737404"><ele>1192.632</ele><time>2017-10-15T18:24:03Z</time></trkpt><trkpt lat="39.971106" lon="20.737353"><ele>1191.192</ele><time>2017-10-15T18:24:06Z</time></trkpt><trkpt lat="39.971063" lon="20.737306"><ele>1191.420</ele><time>2017-10-15T18:24:10Z</time></trkpt><trkpt lat="39.971020" lon="20.737262"><ele>1189.426</ele><time>2017-10-15T18:24:14Z</time></trkpt><trkpt lat="39.970994" lon="20.737213"><ele>1188.747</ele><time>2017-10-15T18:24:19Z</time></trkpt><trkpt lat="39.970953" lon="20.737175"><ele>1187.611</ele><time>2017-10-15T18:24:23Z</time></trkpt><trkpt lat="39.970905" lon="20.737146"><ele>1187.508</ele><time>2017-10-15T18:24:27Z</time></trkpt><trkpt lat="39.970847" lon="20.737094"><ele>1187.994</ele><time>2017-10-15T18:24:30Z</time></trkpt><trkpt lat="39.970838" lon="20.737025"><ele>1186.522</ele><time>2017-10-15T18:24:35Z</time></trkpt><trkpt lat="39.970798" lon="20.736961"><ele>1187.915</ele><time>2017-10-15T18:24:38Z</time></trkpt><trkpt lat="39.970763" lon="20.736917"><ele>1186.535</ele><time>2017-10-15T18:24:41Z</time></trkpt><trkpt lat="39.970740" lon="20.736846"><ele>1185.979</ele><time>2017-10-15T18:24:45Z</time></trkpt><trkpt lat="39.970707" lon="20.736803"><ele>1186.875</ele><time>2017-10-15T18:24:48Z</time></trkpt><trkpt lat="39.970687" lon="20.736744"><ele>1187.735</ele><time>2017-10-15T18:24:52Z</time></trkpt><trkpt lat="39.970674" lon="20.736680"><ele>1185.553</ele><time>2017-10-15T18:24:55Z</time></trkpt><trkpt lat="39.970663" lon="20.736618"><ele>1186.911</ele><time>2017-10-15T18:24:58Z</time></trkpt><trkpt lat="39.970637" lon="20.736542"><ele>1185.621</ele><time>2017-10-15T18:25:02Z</time></trkpt><trkpt lat="39.970623" lon="20.736481"><ele>1186.603</ele><time>2017-10-15T18:25:05Z</time></trkpt><trkpt lat="39.970599" lon="20.736407"><ele>1185.208</ele><time>2017-10-15T18:25:08Z</time></trkpt><trkpt lat="39.970581" lon="20.736346"><ele>1185.743</ele><time>2017-10-15T18:25:11Z</time></trkpt><trkpt lat="39.970570" lon="20.736281"><ele>1185.561</ele><time>2017-10-15T18:25:14Z</time></trkpt><trkpt lat="39.970541" lon="20.736230"><ele>1183.544</ele><time>2017-10-15T18:25:18Z</time></trkpt><trkpt lat="39.970543" lon="20.736168"><ele>1183.784</ele><time>2017-10-15T18:25:23Z</time></trkpt><trkpt lat="39.970522" lon="20.736108"><ele>1182.268</ele><time>2017-10-15T18:25:27Z</time></trkpt><trkpt lat="39.970512" lon="20.736041"><ele>1179.474</ele><time>2017-10-15T18:25:30Z</time></trkpt><trkpt lat="39.970508" lon="20.735977"><ele>1178.774</ele><time>2017-10-15T18:25:33Z</time></trkpt><trkpt lat="39.970497" lon="20.735913"><ele>1177.342</ele><time>2017-10-15T18:25:36Z</time></trkpt><trkpt lat="39.970471" lon="20.735864"><ele>1175.388</ele><time>2017-10-15T18:25:40Z</time></trkpt><trkpt lat="39.970459" lon="20.735802"><ele>1174.524</ele><time>2017-10-15T18:25:44Z</time></trkpt><trkpt lat="39.970462" lon="20.735737"><ele>1173.526</ele><time>2017-10-15T18:25:49Z</time></trkpt><trkpt lat="39.970484" lon="20.735682"><ele>1172.108</ele><time>2017-10-15T18:25:53Z</time></trkpt><trkpt lat="39.970469" lon="20.735617"><ele>1169.890</ele><time>2017-10-15T18:25:57Z</time></trkpt><trkpt lat="39.970461" lon="20.735548"><ele>1169.828</ele><time>2017-10-15T18:26:01Z</time></trkpt><trkpt lat="39.970478" lon="20.735485"><ele>1169.271</ele><time>2017-10-15T18:26:05Z</time></trkpt><trkpt lat="39.970439" lon="20.735454"><ele>1167.381</ele><time>2017-10-15T18:26:09Z</time></trkpt><trkpt lat="39.970405" lon="20.735408"><ele>1166.465</ele><time>2017-10-15T18:26:13Z</time></trkpt><trkpt lat="39.970366" lon="20.735368"><ele>1166.221</ele><time>2017-10-15T18:26:16Z</time></trkpt><trkpt lat="39.970324" lon="20.735319"><ele>1166.321</ele><time>2017-10-15T18:26:19Z</time></trkpt><trkpt lat="39.970278" lon="20.735293"><ele>1164.759</ele><time>2017-10-15T18:26:23Z</time></trkpt><trkpt lat="39.970238" lon="20.735253"><ele>1163.785</ele><time>2017-10-15T18:26:27Z</time></trkpt><trkpt lat="39.970187" lon="20.735227"><ele>1163.689</ele><time>2017-10-15T18:26:31Z</time></trkpt><trkpt lat="39.970148" lon="20.735194"><ele>1163.017</ele><time>2017-10-15T18:26:34Z</time></trkpt><trkpt lat="39.970101" lon="20.735151"><ele>1163.808</ele><time>2017-10-15T18:26:38Z</time></trkpt><trkpt lat="39.970063" lon="20.735104"><ele>1162.860</ele><time>2017-10-15T18:26:42Z</time></trkpt><trkpt lat="39.970031" lon="20.735058"><ele>1162.128</ele><time>2017-10-15T18:26:45Z</time></trkpt><trkpt lat="39.969984" lon="20.735025"><ele>1160.651</ele><time>2017-10-15T18:26:49Z</time></trkpt><trkpt lat="39.969947" lon="20.734991"><ele>1158.791</ele><time>2017-10-15T18:26:53Z</time></trkpt><trkpt lat="39.969919" lon="20.734945"><ele>1162.145</ele><time>2017-10-15T18:26:57Z</time></trkpt><trkpt lat="39.969867" lon="20.734954"><ele>1159.691</ele><time>2017-10-15T18:27:46Z</time></trkpt><trkpt lat="39.969814" lon="20.734954"><ele>1157.071</ele><time>2017-10-15T18:27:51Z</time></trkpt><trkpt lat="39.969769" lon="20.734927"><ele>1157.849</ele><time>2017-10-15T18:27:55Z</time></trkpt><trkpt lat="39.969722" lon="20.734892"><ele>1156.828</ele><time>2017-10-15T18:28:00Z</time></trkpt><trkpt lat="39.969680" lon="20.734846"><ele>1152.789</ele><time>2017-10-15T18:28:04Z</time></trkpt><trkpt lat="39.969641" lon="20.734810"><ele>1154.817</ele><time>2017-10-15T18:28:07Z</time></trkpt><trkpt lat="39.969594" lon="20.734781"><ele>1154.808</ele><time>2017-10-15T18:28:11Z</time></trkpt><trkpt lat="39.969555" lon="20.734739"><ele>1151.534</ele><time>2017-10-15T18:28:16Z</time></trkpt><trkpt lat="39.969506" lon="20.734743"><ele>1150.152</ele><time>2017-10-15T18:28:20Z</time></trkpt><trkpt lat="39.969445" lon="20.734748"><ele>1150.975</ele><time>2017-10-15T18:28:24Z</time></trkpt><trkpt lat="39.969392" lon="20.734743"><ele>1150.685</ele><time>2017-10-15T18:28:27Z</time></trkpt><trkpt lat="39.969343" lon="20.734708"><ele>1150.219</ele><time>2017-10-15T18:28:31Z</time></trkpt><trkpt lat="39.969298" lon="20.734677"><ele>1149.795</ele><time>2017-10-15T18:28:34Z</time></trkpt><trkpt lat="39.969254" lon="20.734653"><ele>1150.065</ele><time>2017-10-15T18:28:37Z</time></trkpt><trkpt lat="39.969220" lon="20.734603"><ele>1148.513</ele><time>2017-10-15T18:28:41Z</time></trkpt><trkpt lat="39.969226" lon="20.734536"><ele>1148.826</ele><time>2017-10-15T18:28:45Z</time></trkpt><trkpt lat="39.969211" lon="20.734477"><ele>1146.947</ele><time>2017-10-15T18:28:50Z</time></trkpt><trkpt lat="39.969170" lon="20.734440"><ele>1145.811</ele><time>2017-10-15T18:28:54Z</time></trkpt><trkpt lat="39.969137" lon="20.734383"><ele>1146.608</ele><time>2017-10-15T18:28:58Z</time></trkpt><trkpt lat="39.969088" lon="20.734351"><ele>1145.524</ele><time>2017-10-15T18:29:02Z</time></trkpt><trkpt lat="39.969035" lon="20.734350"><ele>1146.092</ele><time>2017-10-15T18:29:07Z</time></trkpt><trkpt lat="39.968973" lon="20.734350"><ele>1146.335</ele><time>2017-10-15T18:30:13Z</time></trkpt><trkpt lat="39.968950" lon="20.734299"><ele>1145.225</ele><time>2017-10-15T18:30:57Z</time></trkpt><trkpt lat="39.968907" lon="20.734277"><ele>1143.799</ele><time>2017-10-15T18:31:31Z</time></trkpt><trkpt lat="39.968857" lon="20.734291"><ele>1146.045</ele><time>2017-10-15T18:31:41Z</time></trkpt><trkpt lat="39.968816" lon="20.734265"><ele>1144.275</ele><time>2017-10-15T18:31:50Z</time></trkpt><trkpt lat="39.968771" lon="20.734252"><ele>1145.743</ele><time>2017-10-15T18:31:58Z</time></trkpt><trkpt lat="39.968752" lon="20.734193"><ele>1141.091</ele><time>2017-10-15T18:32:10Z</time></trkpt><trkpt lat="39.968715" lon="20.734150"><ele>1140.281</ele><time>2017-10-15T18:32:15Z</time></trkpt><trkpt lat="39.968702" lon="20.734091"><ele>1138.019</ele><time>2017-10-15T18:32:21Z</time></trkpt><trkpt lat="39.968687" lon="20.734027"><ele>1139.108</ele><time>2017-10-15T18:32:25Z</time></trkpt><trkpt lat="39.968649" lon="20.733978"><ele>1138.721</ele><time>2017-10-15T18:32:29Z</time></trkpt><trkpt lat="39.968608" lon="20.733948"><ele>1138.629</ele><time>2017-10-15T18:32:34Z</time></trkpt><trkpt lat="39.968615" lon="20.733886"><ele>1137.522</ele><time>2017-10-15T18:32:39Z</time></trkpt><trkpt lat="39.968612" lon="20.733826"><ele>1136.662</ele><time>2017-10-15T18:32:46Z</time></trkpt><trkpt lat="39.968590" lon="20.733758"><ele>1134.666</ele><time>2017-10-15T18:32:58Z</time></trkpt><trkpt lat="39.968534" lon="20.733738"><ele>1135.232</ele><time>2017-10-15T18:33:02Z</time></trkpt><trkpt lat="39.968489" lon="20.733705"><ele>1135.642</ele><time>2017-10-15T18:33:06Z</time></trkpt><trkpt lat="39.968458" lon="20.733661"><ele>1137.330</ele><time>2017-10-15T18:33:17Z</time></trkpt><trkpt lat="39.968410" lon="20.733647"><ele>1136.847</ele><time>2017-10-15T18:33:20Z</time></trkpt><trkpt lat="39.968362" lon="20.733611"><ele>1136.429</ele><time>2017-10-15T18:33:27Z</time></trkpt><trkpt lat="39.968313" lon="20.733605"><ele>1137.421</ele><time>2017-10-15T18:33:33Z</time></trkpt><trkpt lat="39.968293" lon="20.733537"><ele>1135.908</ele><time>2017-10-15T18:33:42Z</time></trkpt><trkpt lat="39.968265" lon="20.733485"><ele>1133.226</ele><time>2017-10-15T18:33:48Z</time></trkpt><trkpt lat="39.968243" lon="20.733426"><ele>1133.814</ele><time>2017-10-15T18:33:55Z</time></trkpt><trkpt lat="39.968199" lon="20.733396"><ele>1133.467</ele><time>2017-10-15T18:34:08Z</time></trkpt><trkpt lat="39.968215" lon="20.733336"><ele>1131.187</ele><time>2017-10-15T18:34:25Z</time></trkpt><trkpt lat="39.968251" lon="20.733296"><ele>1128.891</ele><time>2017-10-15T18:34:42Z</time></trkpt><trkpt lat="39.968283" lon="20.733254"><ele>1125.797</ele><time>2017-10-15T18:34:57Z</time></trkpt><trkpt lat="39.968316" lon="20.733208"><ele>1124.187</ele><time>2017-10-15T18:35:13Z</time></trkpt><trkpt lat="39.968349" lon="20.733140"><ele>1121.885</ele><time>2017-10-15T18:35:41Z</time></trkpt><trkpt lat="39.968365" lon="20.733080"><ele>1118.134</ele><time>2017-10-15T18:35:53Z</time></trkpt><trkpt lat="39.968401" lon="20.733040"><ele>1115.355</ele><time>2017-10-15T18:36:06Z</time></trkpt><trkpt lat="39.968436" lon="20.732979"><ele>1114.510</ele><time>2017-10-15T18:36:10Z</time></trkpt><trkpt lat="39.968460" lon="20.732924"><ele>1114.108</ele><time>2017-10-15T18:36:13Z</time></trkpt><trkpt lat="39.968477" lon="20.732863"><ele>1112.075</ele><time>2017-10-15T18:36:18Z</time></trkpt><trkpt lat="39.968523" lon="20.732831"><ele>1113.353</ele><time>2017-10-15T18:36:23Z</time></trkpt><trkpt lat="39.968563" lon="20.732804"><ele>1112.646</ele><time>2017-10-15T18:36:27Z</time></trkpt><trkpt lat="39.968524" lon="20.732838"><ele>1114.326</ele><time>2017-10-15T18:38:06Z</time></trkpt><trkpt lat="39.968479" lon="20.732851"><ele>1114.260</ele><time>2017-10-15T18:38:15Z</time></trkpt><trkpt lat="39.968427" lon="20.732829"><ele>1114.146</ele><time>2017-10-15T18:38:21Z</time></trkpt><trkpt lat="39.968392" lon="20.732791"><ele>1113.846</ele><time>2017-10-15T18:38:32Z</time></trkpt><trkpt lat="39.968347" lon="20.732793"><ele>1111.914</ele><time>2017-10-15T18:38:47Z</time></trkpt><trkpt lat="39.968300" lon="20.732781"><ele>1109.792</ele><time>2017-10-15T18:39:00Z</time></trkpt><trkpt lat="39.968266" lon="20.732739"><ele>1108.673</ele><time>2017-10-15T18:39:06Z</time></trkpt><trkpt lat="39.968225" lon="20.732692"><ele>1107.320</ele><time>2017-10-15T18:39:10Z</time></trkpt><trkpt lat="39.968192" lon="20.732634"><ele>1106.708</ele><time>2017-10-15T18:39:13Z</time></trkpt><trkpt lat="39.968136" lon="20.732621"><ele>1105.221</ele><time>2017-10-15T18:39:17Z</time></trkpt><trkpt lat="39.968096" lon="20.732581"><ele>1105.989</ele><time>2017-10-15T18:39:21Z</time></trkpt><trkpt lat="39.968058" lon="20.732546"><ele>1104.052</ele><time>2017-10-15T18:39:26Z</time></trkpt><trkpt lat="39.968012" lon="20.732510"><ele>1102.812</ele><time>2017-10-15T18:39:29Z</time></trkpt><trkpt lat="39.967960" lon="20.732478"><ele>1102.386</ele><time>2017-10-15T18:39:33Z</time></trkpt><trkpt lat="39.967921" lon="20.732446"><ele>1102.992</ele><time>2017-10-15T18:39:36Z</time></trkpt><trkpt lat="39.967911" lon="20.732388"><ele>1101.382</ele><time>2017-10-15T18:39:41Z</time></trkpt><trkpt lat="39.967870" lon="20.732359"><ele>1098.240</ele><time>2017-10-15T18:39:49Z</time></trkpt><trkpt lat="39.967871" lon="20.732298"><ele>1095.393</ele><time>2017-10-15T18:40:12Z</time></trkpt><trkpt lat="39.967849" lon="20.732222"><ele>1085.665</ele><time>2017-10-15T18:40:53Z</time></trkpt><trkpt lat="39.967816" lon="20.732169"><ele>1086.221</ele><time>2017-10-15T18:41:12Z</time></trkpt><trkpt lat="39.967788" lon="20.732120"><ele>1082.808</ele><time>2017-10-15T18:41:31Z</time></trkpt><trkpt lat="39.967802" lon="20.732058"><ele>1081.961</ele><time>2017-10-15T18:41:37Z</time></trkpt><trkpt lat="39.967839" lon="20.732025"><ele>1081.239</ele><time>2017-10-15T18:41:47Z</time></trkpt><trkpt lat="39.967833" lon="20.731960"><ele>1080.762</ele><time>2017-10-15T18:41:57Z</time></trkpt><trkpt lat="39.967830" lon="20.731895"><ele>1073.032</ele><time>2017-10-15T18:42:10Z</time></trkpt><trkpt lat="39.967833" lon="20.731835"><ele>1068.616</ele><time>2017-10-15T18:42:33Z</time></trkpt><trkpt lat="39.967850" lon="20.731779"><ele>1068.452</ele><time>2017-10-15T18:42:39Z</time></trkpt><trkpt lat="39.967818" lon="20.731711"><ele>1068.532</ele><time>2017-10-15T18:42:46Z</time></trkpt><trkpt lat="39.967788" lon="20.731666"><ele>1066.950</ele><time>2017-10-15T18:42:50Z</time></trkpt><trkpt lat="39.967811" lon="20.731609"><ele>1065.572</ele><time>2017-10-15T18:45:06Z</time></trkpt><trkpt lat="39.967852" lon="20.731582"><ele>1063.813</ele><time>2017-10-15T18:45:11Z</time></trkpt><trkpt lat="39.967898" lon="20.731559"><ele>1064.714</ele><time>2017-10-15T18:45:17Z</time></trkpt><trkpt lat="39.967946" lon="20.731559"><ele>1063.208</ele><time>2017-10-15T18:45:24Z</time></trkpt><trkpt lat="39.967992" lon="20.731540"><ele>1058.219</ele><time>2017-10-15T18:45:32Z</time></trkpt><trkpt lat="39.968026" lon="20.731500"><ele>1057.787</ele><time>2017-10-15T18:45:37Z</time></trkpt><trkpt lat="39.968072" lon="20.731464"><ele>1054.570</ele><time>2017-10-15T18:45:42Z</time></trkpt><trkpt lat="39.968113" lon="20.731418"><ele>1054.560</ele><time>2017-10-15T18:45:46Z</time></trkpt><trkpt lat="39.968155" lon="20.731370"><ele>1053.224</ele><time>2017-10-15T18:45:50Z</time></trkpt><trkpt lat="39.968193" lon="20.731317"><ele>1050.070</ele><time>2017-10-15T18:45:54Z</time></trkpt><trkpt lat="39.968209" lon="20.731242"><ele>1050.330</ele><time>2017-10-15T18:45:58Z</time></trkpt><trkpt lat="39.968237" lon="20.731189"><ele>1049.968</ele><time>2017-10-15T18:46:03Z</time></trkpt><trkpt lat="39.968203" lon="20.731138"><ele>1048.213</ele><time>2017-10-15T18:46:29Z</time></trkpt><trkpt lat="39.968166" lon="20.731090"><ele>1046.843</ele><time>2017-10-15T18:46:34Z</time></trkpt><trkpt lat="39.968134" lon="20.731041"><ele>1044.007</ele><time>2017-10-15T18:46:39Z</time></trkpt><trkpt lat="39.968087" lon="20.731020"><ele>1043.908</ele><time>2017-10-15T18:46:43Z</time></trkpt><trkpt lat="39.968040" lon="20.730993"><ele>1044.823</ele><time>2017-10-15T18:46:47Z</time></trkpt><trkpt lat="39.968024" lon="20.730937"><ele>1041.641</ele><time>2017-10-15T18:47:00Z</time></trkpt><trkpt lat="39.967991" lon="20.730883"><ele>1039.154</ele><time>2017-10-15T18:47:06Z</time></trkpt><trkpt lat="39.967963" lon="20.730836"><ele>1038.864</ele><time>2017-10-15T18:47:12Z</time></trkpt><trkpt lat="39.967950" lon="20.730770"><ele>1036.368</ele><time>2017-10-15T18:47:57Z</time></trkpt><trkpt lat="39.967908" lon="20.730741"><ele>1036.154</ele><time>2017-10-15T18:48:12Z</time></trkpt><trkpt lat="39.967863" lon="20.730704"><ele>1035.684</ele><time>2017-10-15T18:48:17Z</time></trkpt><trkpt lat="39.967893" lon="20.730644"><ele>1031.182</ele><time>2017-10-15T18:48:24Z</time></trkpt><trkpt lat="39.967901" lon="20.730580"><ele>1031.748</ele><time>2017-10-15T18:48:30Z</time></trkpt><trkpt lat="39.967882" lon="20.730522"><ele>1031.761</ele><time>2017-10-15T18:48:36Z</time></trkpt><trkpt lat="39.967872" lon="20.730456"><ele>1027.517</ele><time>2017-10-15T18:48:42Z</time></trkpt><trkpt lat="39.967834" lon="20.730406"><ele>1026.508</ele><time>2017-10-15T18:48:47Z</time></trkpt><trkpt lat="39.967794" lon="20.730360"><ele>1023.036</ele><time>2017-10-15T18:48:51Z</time></trkpt><trkpt lat="39.967805" lon="20.730302"><ele>1022.174</ele><time>2017-10-15T18:48:57Z</time></trkpt><trkpt lat="39.967828" lon="20.730250"><ele>1024.487</ele><time>2017-10-15T18:49:02Z</time></trkpt><trkpt lat="39.967885" lon="20.730209"><ele>1022.877</ele><time>2017-10-15T18:49:06Z</time></trkpt><trkpt lat="39.967937" lon="20.730178"><ele>1021.241</ele><time>2017-10-15T18:49:09Z</time></trkpt><trkpt lat="39.967980" lon="20.730156"><ele>1022.567</ele><time>2017-10-15T18:49:13Z</time></trkpt><trkpt lat="39.968014" lon="20.730112"><ele>1019.947</ele><time>2017-10-15T18:49:16Z</time></trkpt><trkpt lat="39.968050" lon="20.730059"><ele>1020.575</ele><time>2017-10-15T18:49:20Z</time></trkpt><trkpt lat="39.968082" lon="20.730006"><ele>1021.089</ele><time>2017-10-15T18:49:24Z</time></trkpt><trkpt lat="39.968104" lon="20.729947"><ele>1019.406</ele><time>2017-10-15T18:49:28Z</time></trkpt><trkpt lat="39.968124" lon="20.729886"><ele>1017.426</ele><time>2017-10-15T18:49:32Z</time></trkpt><trkpt lat="39.968150" lon="20.729832"><ele>1016.308</ele><time>2017-10-15T18:49:37Z</time></trkpt><trkpt lat="39.968181" lon="20.729784"><ele>1013.880</ele><time>2017-10-15T18:49:41Z</time></trkpt><trkpt lat="39.968135" lon="20.729758"><ele>1012.028</ele><time>2017-10-15T18:49:48Z</time></trkpt><trkpt lat="39.968185" lon="20.729737"><ele>1014.661</ele><time>2017-10-15T18:50:00Z</time></trkpt><trkpt lat="39.968236" lon="20.729703"><ele>1013.231</ele><time>2017-10-15T18:50:04Z</time></trkpt><trkpt lat="39.968284" lon="20.729671"><ele>1011.185</ele><time>2017-10-15T18:50:08Z</time></trkpt><trkpt lat="39.968331" lon="20.729633"><ele>1010.641</ele><time>2017-10-15T18:50:12Z</time></trkpt><trkpt lat="39.968380" lon="20.729614"><ele>1010.271</ele><time>2017-10-15T18:50:16Z</time></trkpt><trkpt lat="39.968417" lon="20.729572"><ele>1007.269</ele><time>2017-10-15T18:50:21Z</time></trkpt><trkpt lat="39.968471" lon="20.729564"><ele>1007.754</ele><time>2017-10-15T18:50:25Z</time></trkpt><trkpt lat="39.968516" lon="20.729533"><ele>1006.856</ele><time>2017-10-15T18:50:29Z</time></trkpt><trkpt lat="39.968552" lon="20.729497"><ele>1003.611</ele><time>2017-10-15T18:50:33Z</time></trkpt><trkpt lat="39.968543" lon="20.729435"><ele>1001.908</ele><time>2017-10-15T18:50:39Z</time></trkpt><trkpt lat="39.968516" lon="20.729375"><ele>1002.337</ele><time>2017-10-15T18:50:44Z</time></trkpt><trkpt lat="39.968504" lon="20.729315"><ele>1000.025</ele><time>2017-10-15T18:50:48Z</time></trkpt><trkpt lat="39.968518" lon="20.729252"><ele>1000.378</ele><time>2017-10-15T18:50:51Z</time></trkpt><trkpt lat="39.968530" lon="20.729183"><ele>1000.388</ele><time>2017-10-15T18:50:55Z</time></trkpt><trkpt lat="39.968536" lon="20.729121"><ele>999.782</ele><time>2017-10-15T18:50:58Z</time></trkpt><trkpt lat="39.968544" lon="20.729054"><ele>1000.468</ele><time>2017-10-15T18:51:02Z</time></trkpt><trkpt lat="39.968544" lon="20.728986"><ele>998.578</ele><time>2017-10-15T18:51:05Z</time></trkpt><trkpt lat="39.968546" lon="20.728926"><ele>999.486</ele><time>2017-10-15T18:51:08Z</time></trkpt><trkpt lat="39.968548" lon="20.728856"><ele>999.749</ele><time>2017-10-15T18:51:12Z</time></trkpt><trkpt lat="39.968586" lon="20.728793"><ele>999.902</ele><time>2017-10-15T18:51:18Z</time></trkpt><trkpt lat="39.968634" lon="20.728727"><ele>1000.222</ele><time>2017-10-15T18:51:22Z</time></trkpt><trkpt lat="39.968684" lon="20.728710"><ele>1001.908</ele><time>2017-10-15T18:51:26Z</time></trkpt><trkpt lat="39.968731" lon="20.728738"><ele>1002.736</ele><time>2017-10-15T18:51:34Z</time></trkpt><trkpt lat="39.968773" lon="20.728710"><ele>1004.354</ele><time>2017-10-15T18:51:37Z</time></trkpt><trkpt lat="39.968813" lon="20.728663"><ele>1004.457</ele><time>2017-10-15T18:51:42Z</time></trkpt><trkpt lat="39.968857" lon="20.728675"><ele>1004.197</ele><time>2017-10-15T18:51:46Z</time></trkpt></trkseg></trk></gpx>